track_id,track_name,artist,in_library,track_popularity,explicit,danceability,energy,loudness,mode,speechiness,acousticness,instrumentalness,liveness,valence,tempo
038yT5tqY1Fl6kYAbz8wCN,When I Think about You,Gloria Tells,0,43,FALSE,0.741,0.559,-4.371,0,0.0372,0.212,5.95e-6,0.211,0.41,79.999
4w1lzcaoZ1IC2K5TwjalRP,A Thousand Miles,Vanessa Carlton,1,80,FALSE,0.56,0.825,-3.862,1,0.0379,0.323,0,0.161,0.268,94.931
1OOtq8tRnDM8kG2gqUPjAj,Beat It,Michael Jackson,1,84,FALSE,0.779,0.867,-3.704,0,0.0457,0.0491,7.98e-6,0.197,0.915,138.858
6m1TWFMeon7ai9XLOzdbiR,FAKE LOVE,BTS,1,81,FALSE,0.557,0.719,-4.515,0,0.0371,0.00267,0,0.306,0.345,77.502
6ZEl3e2bF0jUAhuXqC4bgo,The Greatest,Sia,0,45,FALSE,0.64,0.79,-6.17,0,0.177,0.0164,0.00123,0.0511,0.711,192.141
52xJxFP6TqMuO4Yt0eOkMz,We Don't Talk About Bruno,Carolina Gaitán - La Gaita; Mauro Castillo; Adassa; Rhenzy Feliz; Diane Guerrero; Stephanie Beatriz; Encanto - Cast,1,96,FALSE,0.577,0.45,-8.516,0,0.0834,0.357,0,0.111,0.83,205.863
1HNkqx9Ahdgi1Ixy2xkKkL,Photograph,Ed Sheeran,0,87,FALSE,0.614,0.379,-10.48,1,0.0476,0.607,4.64e-4,0.0986,0.201,107.989
5kqIPrATaCc2LqxVWzQGbk,7 Years,Lukas Graham,0,83,FALSE,0.765,0.473,-5.829,1,0.0514,0.287,0,0.391,0.34,119.992
29GHQMBkpSfuSL7k7D11H0,带你去海边,罗帅,0,3,FALSE,0.822,0.757,-4.643,1,0.0303,0.315,0,0.1,0.655,102.053
3AVXwaOGCEL8cmBecfcsFJ,Light Switch,Charlie Puth,1,81,FALSE,0.69,0.626,-5.693,1,0.306,0.105,3.35e-4,0.0881,0.912,184.009
6vECYJHxYmm3Ydt3fF01pE,Stolen Dance,Milky Chance,0,77,FALSE,0.885,0.581,-8.813,1,0.0378,0.427,2.04e-4,0.0759,0.728,114.016
3U8Fx7zNTQrctytkj6Gqgd,Carnival of the Animals: The Swan,Camille Saint-Saëns; Isata Kanneh-Mason; Jeneba Kanneh-Mason; Sheku Kanneh-Mason,0,65,FALSE,0.213,0.0656,-24.81,1,0.0467,0.992,0.969,0.0699,0.0384,65.023
5mRrklQD0rvuN6sV10HfPn,"Unaccompanied Cello Suite No. 1 in G major, BWV 1007: I. Prélude",Johann Sebastian Bach; Yo-Yo Ma,0,63,FALSE,0.326,0.0993,-22.496,1,0.072,0.988,0.916,0.108,0.417,137.274
1BSncOsSJPQkpl29QM0ipj,DRAMARAMA,Monsta X,1,60,FALSE,0.571,0.779,-2.864,1,0.111,0.135,0,0.202,0.261,186.154
02MWAaffLxlfxAUY7c5dvx,Heat Waves,Glass Animals,1,95,FALSE,0.761,0.525,-6.9,1,0.0944,0.44,6.7e-6,0.0921,0.531,80.87
5Z9KJZvQzH6PFmb8SNkxuk,INDUSTRY BABY (feat. Jack Harlow),Lil Nas X; Jack Harlow,1,91,TRUE,0.741,0.691,-7.395,0,0.0672,0.0221,0,0.0476,0.892,150.087
46IZ0fSY2mpAiktS3KOqds,Easy On Me,Adele,1,90,FALSE,0.604,0.366,-7.519,1,0.0282,0.578,0,0.133,0.13,141.981
4ZtFanR9U6ndgddUvNcjcG,good 4 u,Olivia Rodrigo,1,95,TRUE,0.563,0.664,-5.044,1,0.154,0.335,0,0.0849,0.688,166.928
3o9kpgkIcffx0iSwxhuNI2,Numb Little Bug,Em Beihold,1,90,FALSE,0.742,0.527,-6.892,0,0.0769,0.327,0,0.25,0.638,84.974
1k1Bqnv2R0uJXQN4u6LKYt,Ain't No Sunshine,Bill Withers,1,81,FALSE,0.527,0.415,-11.451,0,0.122,0.457,1.72e-5,0.117,0.515,78.169
0cqRj7pUJDkTCEsJkx8snD,Shake It Off,Taylor Swift,1,83,FALSE,0.647,0.8,-5.384,1,0.165,0.0647,0,0.334,0.942,160.078
3hdd3WJLagemc3ynu6LyKE,A・RA・SHI,ARASHI,0,52,FALSE,0.439,0.953,-4.133,1,0.157,0.0305,0,0.132,0.475,120.432
44ONERBHALxftQNWq6dmyd,Side To Side,Ariana Grande; Nicki Minaj,1,79,TRUE,0.65,0.736,-5.84,0,0.229,0.0513,0,0.235,0.612,159.174
3VT8hOC5vuDXBsHrR53WFh,Astronaut In The Ocean,Masked Wolf,1,62,TRUE,0.778,0.695,-6.865,0,0.0913,0.175,0,0.15,0.472,149.996
0AiTIiCQ15NW8QHQwSxKuR,Drowning,Backstreet Boys,0,66,FALSE,0.568,0.782,-5.968,1,0.0396,0.0799,0,0.0985,0.481,141.942
6mzF8HvHdVrzJNd8M1uFCS,Beautiful,Crush,0,73,FALSE,0.416,0.41,-6.146,1,0.0292,0.843,0,0.107,0.219,110.252
3LPLfXuotB7yfXxK25YC7T,Beautiful Journey,HIRAIDAI,0,51,FALSE,0.734,0.714,-5.097,1,0.0358,0.297,0,0.402,0.685,124.042
3Wrjm47oTz2sjIgck11l5e,Beggin',Måneskin,1,92,FALSE,0.714,0.8,-4.808,0,0.0504,0.127,0,0.359,0.589,134.002
0pqnGHJpmpxLKifKRmU6WP,Believer,Imagine Dragons,1,91,FALSE,0.776,0.78,-4.374,0,0.128,0.0622,0,0.081,0.666,124.949
7iAgNZdotu40NwtoIWJHFe,Bet You Wanna (feat. Cardi B),BLACKPINK; Cardi B,1,67,FALSE,0.653,0.662,-6.168,1,0.162,0.00465,0,0.0626,0.674,111.712
6NEoeBLQbOMw92qMeLfI40,WHISTLE,BLACKPINK,1,76,FALSE,0.818,0.723,-4.82,1,0.114,0.00561,0,0.0866,0.607,102.945
0VjIjW4GlUZAMYd2vXMi3b,Blinding Lights,The Weeknd,1,94,FALSE,0.514,0.73,-5.934,1,0.0598,0.00146,9.54e-5,0.0897,0.334,171.005
4a9tbd947vo9K8Vti9JwcI,Boy With Luv (feat. Halsey),BTS; Halsey,1,85,FALSE,0.645,0.862,-4.761,0,0.0845,0.0933,0,0.193,0.803,119.947
5QDLhrAOJJdNAmCTJ8xMyW,Dynamite,BTS,1,90,FALSE,0.746,0.765,-4.41,0,0.0993,0.0112,0,0.0936,0.737,114.044
1mWdTewIgB3gtBM3TOSFhB,Butter,BTS,1,91,FALSE,0.759,0.459,-5.187,1,0.0948,0.00323,0,0.0906,0.695,109.997
2avaSeKHI5l4sLruVfLdi2,"Burning Heart - From ""Rocky IV"" Soundtrack",Survivor,0,68,FALSE,0.651,0.665,-7.43,0,0.0269,0.221,7.91e-6,0.0403,0.647,97.996
6Ik9aiuaoEYxsEKGdQaEJB,California,Childish Gambino,0,59,TRUE,0.879,0.419,-11.932,1,0.588,0.315,0,0.118,0.847,148.953
559f8rcNNZW07wz5Rfxnfh,Can't Control Myself,TAEYEON,0,74,FALSE,0.626,0.681,-2.979,1,0.0377,0.0263,0,0.453,0.229,85.044
7iGAkO3j525uGPyrd93VX0,Cigarettes in the Theatre,Two Door Cinema Club,0,50,FALSE,0.459,0.886,-5.133,1,0.233,8.3e-5,0.176,0.159,0.585,168.97
7GVUmCP00eSsqc4tzj1sDD,Come and Get Your Love - Single Version,Redbone,1,79,FALSE,0.731,0.804,-7.621,0,0.0473,0.172,2.8e-4,0.0685,0.957,107.383
3RLc8gsOohphgcVThjroBl,Jay Chou - Compendium of Materia Medica (XING KONG Bootleg),XING KONG,0,0,FALSE,0.464,0.646,-4.784,0,0.0404,7.32e-4,0,0.0773,0.235,130.117
2KHRENHQzTIQ001nlP9Gdc,Contact,Daft Punk,0,58,FALSE,0.4,0.756,-8.423,0,0.0492,0.00282,0.753,0.0695,0.0924,123.828
37y7iDayfwm3WXn5BiAoRk,Dark Red,Steve Lacy,0,91,FALSE,0.603,0.783,-4.023,1,0.062,0.449,7.96e-6,0.119,0.775,172.041
2NpKyrIlJOHszUS2cXpEMU,Dawn of us,Jackson Wang,0,52,FALSE,0.834,0.588,-6.243,1,0.0759,0.387,4.25e-6,0.112,0.489,141.944
6Dq2LzijkY9WNPwBGDah4L,Didn't I,Darondo,0,69,FALSE,0.463,0.382,-11.682,1,0.0278,0.897,0.263,0.108,0.638,74.573
6rVCUwfnuYTAsX4P9fIdIu,Dreams Come True,aespa,0,82,FALSE,0.686,0.901,-0.21,1,0.0614,0.0699,0,0.306,0.571,98.977
7uidJM7xBikobIitpHQKZ4,Drive You Home,Jackson Wang; Internet Money,1,65,FALSE,0.653,0.694,-6.284,1,0.039,0.0911,0,0.111,0.226,96.024
4sQSweqHEeinUxoFBG3QeF,不愛我就拉倒,Jay Chou,0,51,FALSE,0.425,0.725,-7.822,1,0.0356,0.139,5.45e-6,0.108,0.225,172.031
25pWemriUQVrZ3yIiS2IBf,十年,Eason Chan,0,61,FALSE,0.6,0.468,-9.126,1,0.0335,0.865,3.13e-6,0.104,0.203,123.987
3FtYbEfBqAlGO46NUDQSAt,Electric Feel,MGMT,1,80,FALSE,0.763,0.803,-3.713,1,0.0351,0.0709,0.285,0.348,0.561,103.04
5W8HXMOMLtXLz0RGKUtnlZ,"Last One Standing (feat. Polo G, Mozzy & Eminem) - From Venom: Let There Be Carnage",Skylar Grey; Polo G; Mozzy; Eminem,0,81,TRUE,0.664,0.692,-4.128,0,0.127,0.237,0,0.0798,0.233,154.924
479lquEL4Mzh3tQLtnHVfL,青花瓷,Jay Chou,0,60,FALSE,0.689,0.497,-7.855,0,0.0251,0.221,0,0.108,0.543,108.01
10hMM5nsZQf66ldBlgWBfG,All For Us - from the HBO Original Series Euphoria,Labrinth; Zendaya,0,91,FALSE,0.348,0.652,-7.145,1,0.0931,0.0165,2.64e-4,0.33,0.172,70.956
68HocO7fx9z0MgDU0ZPHro,Every Summertime,NIKI,0,89,FALSE,0.628,0.676,-4.227,1,0.0424,0.393,6.94e-5,0.0978,0.723,78.996
3xpel46iSDeTPmwIKsY71V,Everything Is OK,Halou,0,21,FALSE,0.582,0.768,-9.362,0,0.0564,0.0634,0.674,0.215,0.0725,122.046
05UMQXFCsa9oPnLgfJHVyF,Ezio's Family,Jesper Kyd,0,63,FALSE,0.375,0.344,-12.561,0,0.0335,0.81,0.776,0.0682,0.106,126.06
4lCv7b86sLynZbXhfScfm2,Firework,Katy Perry,0,76,FALSE,0.638,0.826,-4.968,1,0.0479,0.139,0,0.0803,0.649,124.072
2rtSjGAgCkHL5mKboZMVgD,Free Loop,Daniel Powter,0,57,FALSE,0.6,0.657,-10.693,1,0.0336,0.503,1.3e-4,0.0816,0.678,75.331
1HYzRuWjmS9LXCkdVHi25K,Stay With Me,CHANYEOL; Punch,0,76,FALSE,0.558,0.526,-4.686,0,0.033,0.431,0,0.126,0.202,124.709
6lNTl7eExy6VS8rnD3O8re,Happy Birthday to You,Happy Birthday TA; Torsten Abrolat,0,51,FALSE,0.452,0.373,-8.831,1,0.0279,0.535,0.00227,0.131,0.802,98.671
01lewSOj9ZaXplh9TpNKL4,Happy Birthday,Stevie Wonder,0,62,FALSE,0.779,0.571,-15.327,1,0.0427,0.00511,1.16e-5,0.0532,0.96,116.197
1Yk0cQdMLx5RzzFTYwmuld,Hello,Adele,1,79,FALSE,0.578,0.43,-6.134,0,0.0305,0.33,0,0.0854,0.288,78.991
1nahzW3kfMuwReTka28tH5,Hold On,Justin Bieber,0,81,FALSE,0.658,0.634,-6.068,0,0.0431,0.0104,0,0.12,0.302,140.002
3Inkkjvl4toS3ygca6XdBx,Eternity in a Moment,HOYO-MiX,0,50,FALSE,0.343,0.182,-12.666,0,0.0373,0.963,0.921,0.0932,0.306,128.214
6v0UJD4a2FtleHeSYVX02A,I Drink Wine,Adele,0,83,FALSE,0.437,0.565,-5.596,1,0.0466,0.697,0,0.119,0.306,115.389
34dx8DACTJsc3rsJdaEIQw,Papaoutai,Stromae,0,78,FALSE,0.734,0.809,-7.264,0,0.0839,0.0266,0,0.0642,0.254,116.024
2P91MQbaiQOfbiz9VqhqKQ,I Like Me Better,Lauv,1,86,FALSE,0.752,0.505,-7.621,1,0.253,0.535,2.55e-6,0.104,0.419,91.97
6epn3r7S14KUqlReYr77hA,Baby,Justin Bieber; Ludacris,1,84,FALSE,0.728,0.859,-5.237,0,0.137,0.0401,0,0.111,0.535,65.043
2MvIMgtWyK88OiPi0J8Dg3,Psychosocial,Slipknot,0,68,FALSE,0.576,0.989,-1.909,1,0.112,0.00252,0.0032,0.0243,0.352,135.093
3OIHgTyQdiAGMmpjQaNxp3,Pokémon Theme,Pokémon,1,65,FALSE,0.541,0.854,-6.201,0,0.0464,0.18,0,0.14,0.568,144.918
50DMJJpAeQv4fIpxZvQz2e,Monsters (feat. Demi Lovato and blackbear),All Time Low; Demi Lovato; blackbear,0,73,TRUE,0.51,0.787,-3.712,0,0.0529,0.0137,0,0.368,0.793,162.092
6xwhCiWXREsAIQVZqHswVw,Minecraft,C418,0,69,FALSE,0.206,0.0154,-22.923,1,0.0426,0.98,0.636,0.0662,0.116,83.68
3PhtzoXTn86AoaZhH2UdeQ,"Able Sisters (From ""Animal Crossing, New Leaf"")",Arcade Player,0,55,FALSE,0.793,0.101,-8.86,1,0.0568,0.165,0.949,0.113,0.802,64.427
0K2WjMLZYr09LKwurGRYRE,"Theme From New York, New York - 2008 Remastered",Frank Sinatra,0,64,FALSE,0.312,0.497,-6.95,1,0.0309,0.587,0,0.246,0.546,94.311
7MF7QAodbGzNYav5ZfIhAY,Midnight Train to Georgia,Gladys Knight & The Pips,0,75,FALSE,0.595,0.379,-12.058,0,0.0454,0.271,2.81e-5,0.1,0.448,92.006
07wrTB4kauB4ZjamGLu7N3,If I Don’t Have Love,V. Rose,0,21,FALSE,0.602,0.791,-5.975,1,0.162,0.0131,3.89e-5,0.342,0.61,162.102
4pspYVQGFHLPEFgQPD1J7e,WANNABE,ITZY,1,77,FALSE,0.809,0.911,-4.41,0,0.0617,0.00795,1.79e-4,0.181,0.64,122.035
5xrtzzzikpG3BLbo4q1Yul,LILAC,IU,0,79,FALSE,0.738,0.89,-2.275,0,0.0748,0.0895,1.89e-6,0.213,0.75,114.942
32nainF4TXsMpuFOGCkzzM,夜曲,Jay Chou,0,60,FALSE,0.674,0.649,-5.869,1,0.0451,0.285,0.0585,0.226,0.6,86.985
6Uq8BnOxvXJsQiJ2XqfO5P,稻香,Jay Chou,0,59,FALSE,0.67,0.626,-5.027,1,0.0628,0.286,0,0.0843,0.205,163.985
7K5dzhGda2vRTaAWYI3hrb,"Just Like Fire (From the Original Motion Picture ""Alice Through The Looking Glass"")",P!nk,0,72,FALSE,0.632,0.702,-5.92,1,0.148,0.0114,0,0.108,0.523,162.958
5dPz35akJjPqb17yeqNwqH,Ghost,Justin Bieber,0,88,FALSE,0.604,0.741,-5.571,1,0.0475,0.178,3.49e-5,0.409,0.473,153.947
5GYbkDveRD2I8M5ZJ14hWn,Never Say Never,Justin Bieber; Jaden,0,75,FALSE,0.739,0.807,-5.063,1,0.0652,0.0181,0,0.295,0.632,97.048
251PNRmJU9KcUnFQAB5t6I,Kal Ho Naa Ho,Shankar-Ehsaan-Loy; Sonu Nigam,0,67,FALSE,0.532,0.529,-8.402,1,0.0352,0.334,1.44e-4,0.078,0.295,81.989
1dOD5F2hX5TBtKdQlEseR7,Flower Way (Prod. By ZICO),KIMSEJEONG,0,56,FALSE,0.433,0.282,-9.59,1,0.0412,0.831,0,0.118,0.371,133.49
4UnBxdw1l3J31WBsgmHezz,Whale,KIMSEJEONG,0,49,FALSE,0.676,0.747,-3.178,1,0.0296,0.0243,0,0.18,0.457,116.021
3KRdLDjxlAY7ku93tOG0b1,Kissing Lessons,Lucy Dacus,0,65,FALSE,0.546,0.866,-7.073,1,0.0576,9.09e-4,0.0147,0.16,0.652,140.014
03HYOtfzbzx0HPHMcfLFOe,Oh Sorry Ya,SUNMI,0,65,FALSE,0.622,0.758,-6.236,1,0.0469,3.15e-4,0.00344,0.127,0.237,144.991
5QGooKayQPVZMUDc8Qt3Dm,Left & Right,SEVENTEEN,0,70,FALSE,0.726,0.829,-3.876,0,0.111,0.146,0,0.0916,0.95,149.994
04TshWXkhV1qkqHzf31Hn6,Lemon,Kenshi Yonezu,0,73,FALSE,0.525,0.646,-4.963,1,0.0268,0.304,0,0.297,0.373,86.957
4VWbPQUPvLes814r6T11Jz,Les Champs-Elysées,Joe Dassin,0,66,FALSE,0.783,0.454,-8.251,1,0.0489,0.456,0,0.155,0.711,111.577
5FVbvttjEvQ8r2BgUcJgNg,Life Goes On,BTS,1,84,FALSE,0.566,0.716,-5.733,1,0.0424,0.00691,0,0.37,0.45,81.068
5YVmHTAsdWnoanWXB7AwZX,Like My Father,Jax,0,74,FALSE,0.492,0.224,-8.098,1,0.0493,0.91,0,0.142,0.424,93.039
7hU3IHwjX150XLoTVmjD0q,MONEY,LISA,1,88,FALSE,0.831,0.554,-9.998,0,0.218,0.161,6.12e-5,0.152,0.396,140.026
6qCRyawBNoPCPRJtN1DY8T,Listen To The Rythm Of The Falling Rain,Lloyd Mabrey,0,32,FALSE,0.779,0.225,-13.732,1,0.0384,0.796,0,0.0783,0.703,114.918
1ejtHfSXQwvaAU7F82FXww,Lost Stars,Adam Levine,0,63,FALSE,0.494,0.582,-4.769,1,0.0266,0.102,0,0.0798,0.416,82.025
0EGF2UPvST8aRQnTS94iWy,Love Forever,Babe Rainbow,0,54,FALSE,0.4,0.827,-9.966,1,0.041,0.00292,0.00303,0.264,0.776,146.461
1D4PL9B8gOg78jiHg3FvBb,Love Story,Taylor Swift,1,78,FALSE,0.617,0.741,-3.97,1,0.0311,0.131,0,0.0772,0.306,118.984
1qowUCis8gYY9KOMuy8fCi,Made In China,Higher Brothers; DJ Snake,0,49,FALSE,0.79,0.779,-2.642,1,0.0416,0.00397,1.55e-4,0.159,0.228,150.115
1vELwZM3uBYWd8HrtddD4l,Bella,GIMS,0,66,FALSE,0.781,0.944,-2.64,0,0.0615,0.0873,0.0795,0.117,0.965,103.003
7fusvaSz0oD8th0iHit0DJ,Grain in Ear,Yinque Diva,0,43,FALSE,0.784,0.651,-6.017,1,0.0316,0.738,0.0642,0.1,0.553,99.978
6Rqn2GFlmvmV4w9Ala0I1e,Feeling Good,Nina Simone,1,77,FALSE,0.399,0.326,-9.239,0,0.0386,0.864,0,0.191,0.546,79.206
4R2kfaDFhslZEMJqAFNpdd,cardigan,Taylor Swift,1,82,FALSE,0.613,0.581,-8.588,0,0.0424,0.537,3.45e-4,0.25,0.551,130.033
45aBsnKRWUzhwbcqOJLwfe,This Is Me,Keala Settle; The Greatest Showman Ensemble,0,78,FALSE,0.284,0.704,-7.276,1,0.186,0.00583,1.15e-4,0.0424,0.1,191.702
6N4bifNtBKSSDmIL3qZRh8,Me And The Sky,Jenn Colella; 'Come From Away' Company,0,55,FALSE,0.667,0.631,-7.147,1,0.0555,0.279,0,0.125,0.487,136.045
7pziVpL4r7iua7Zqh42dG1,Welcome To The Rock,Joel Hatch; 'Come From Away' Company,0,55,TRUE,0.657,0.674,-5.424,1,0.347,0.37,0,0.202,0.711,167.967
4cktbXiXOapiLBMprHFErI,Memories,Maroon 5,0,88,FALSE,0.775,0.327,-7.241,1,0.0557,0.841,0,0.0821,0.595,91.05
7xapw9Oy21WpfEcib2ErSA,Mistletoe,Justin Bieber,0,72,FALSE,0.657,0.56,-9.049,0,0.0467,0.498,0,0.0794,0.854,161.993
6U4VqEHy4n5VeiH4pQPL24,You're Welcome,Dwayne Johnson,1,78,FALSE,0.788,0.745,-7.072,1,0.258,0.29,0,0.0373,0.672,135.278
5k3U0OGYBccHdKJJu3HrUN,"Hakuna Matata - From ""The Lion King""/Soundtrack",Nathan Lane; Ernie Sabella; Jason Weaver; Joseph Williams,0,75,FALSE,0.408,0.313,-18.09,1,0.137,0.617,1.18e-5,0.115,0.725,170.013
5mXBaDm21IbxvWSl1AHCpq,"Supercalifragilisticexpialidocious - From ""Mary Poppins""/Soundtrack Version",Julie Andrews; Dick Van Dyke; The Pearlie Chorus,1,0,FALSE,0.507,0.787,-8.13,1,0.352,0.602,0,0.198,0.901,160.499
1iWHabUgUuuKLBa0TzTHfk,"A Whole New World (End Title) - From ""Aladdin""",ZAYN; Zhavia,0,70,FALSE,0.302,0.414,-8.16,1,0.0319,0.0575,0,0.0861,0.105,110.508
4Xbotg4PCLJw9cDx2dtZLK,Some Things Never Change,Kristen Bell; Idina Menzel; Josh Gad; Jonathan Groff; Cast of Frozen 2,0,72,FALSE,0.566,0.543,-4.485,1,0.0314,0.613,0,0.106,0.299,89.937
1Tt7zr1yDbKbT8L4jzSZ74,When I Am Older,Josh Gad,0,71,FALSE,0.73,0.326,-7.001,1,0.26,0.705,0,0.103,0.434,116.893
7wMPhUSe6CZga1vOMpLTJP,Beauty and the Beast,Ariana Grande; John Legend,0,68,FALSE,0.489,0.54,-7.046,1,0.0288,0.126,0,0.103,0.27,81.4
61zSTvYuEWrj0ZfllX7Aew,Masquerade,"Andrew Lloyd Webber; Cast Of ""The Phantom Of The Opera"" Motion Picture",1,52,FALSE,0.263,0.319,-16.357,1,0.0465,0.61,0,0.217,0.355,74.439
7iKDsPfLT0d5mu2htfMKBZ,Love To Hate Me,BLACKPINK,0,72,FALSE,0.686,0.64,-5.491,1,0.159,0.0334,0,0.0801,0.597,162.225
5EQzuYfTZt7B2LqlvTF49l,It's All Coming Back to Me Now,Céline Dion,0,82,FALSE,0.384,0.438,-9.149,1,0.0362,0.753,0,0.101,0.287,87.903
6zSpb8dQRaw0M1dK8PBwQz,Cold Heart - PNAU Remix,Elton John; Dua Lipa; PNAU,0,96,FALSE,0.796,0.798,-6.312,1,0.0317,0.034,4.19e-5,0.0952,0.942,116.032
2Si08GGDlIUAhJYKksNBRw,Getaway (feat. JMSN),NIve; JMSN,0,39,FALSE,0.638,0.595,-4.248,0,0.0332,0.36,8.74e-4,0.112,0.658,81.27
2zrhoHlFKxFTRF5aMyxMoQ,Next Level,aespa,0,82,FALSE,0.82,0.852,-2.567,0,0.166,0.488,5.94e-6,0.0907,0.82,109.036
1KGi9sZVMeszgZOWivFpxs,No Scrubs,TLC,1,82,FALSE,0.743,0.675,-4.267,0,0.0953,0.0251,7.17e-4,0.0685,0.59,92.909
5RhWszHMSKzb7KiXk4Ae0M,One Last Kiss,Hikaru Utada,0,70,FALSE,0.592,0.54,-11.249,0,0.0587,0.692,0.00187,0.0965,0.354,111.955
1r9xUipOqoNwggBpENDsvJ,Enemy (with JID) - from the series Arcane League of Legends,Imagine Dragons; JID; Arcane; League of Legends,1,98,FALSE,0.728,0.783,-4.424,0,0.266,0.237,0,0.434,0.555,77.011
0sHZzinNs6zUXnxcwhFYES,Papillon,Jackson Wang,0,57,FALSE,0.822,0.684,-2.507,0,0.253,0.0102,0,0.0986,0.502,170.157
4iJyoBOLtHqaGxP12qzhQI,Peaches (feat. Daniel Caesar & Giveon),Justin Bieber; Daniel Caesar; Giveon,1,91,TRUE,0.677,0.696,-6.181,1,0.119,0.321,0,0.42,0.464,90.03
0tgVpDi06FyKpA1z0VMD4v,Perfect,Ed Sheeran,0,89,FALSE,0.599,0.448,-6.312,1,0.0232,0.163,0,0.106,0.168,95.05
4bQPTF342jVUgisDgJGMDo,Plain Jane,Ilkan Gunuc; Emie,0,64,FALSE,0.82,0.857,-6.764,1,0.0567,0.112,2.56e-4,0.0757,0.686,100.025
0ked784BOZ1JtRVHux98jE,Burn It All Down,League of Legends; PVRIS,1,74,FALSE,0.553,0.694,-6.561,0,0.0603,6.29e-4,4.56e-6,0.121,0.231,145.149
7FVyWpyUh5buES3chEMLgg,Quiet,A-SOUL,0,21,FALSE,0.765,0.785,-3.298,0,0.0448,0.0673,0,0.0972,0.677,125.955
7rSn37L6jGaPnOOLBbEwXX,Happy Up Here,Röyksopp,0,51,FALSE,0.676,0.877,-3.847,1,0.133,0.0102,0.186,0.255,0.685,103.538
25osmdhvjltPlN7gI2Javd,To you,SEVENTEEN,0,68,FALSE,0.575,0.796,-5.152,1,0.115,0.0242,0,0.0842,0.492,99.836
6iiaDMXr1eqnSEH9W4DLYC,Shalala Lala,Vengaboys,0,62,FALSE,0.751,0.901,-5.802,1,0.0328,0.0504,0.00308,0.0395,0.973,124.017
2jdAk8ATWIL3dwT47XpRfu,Slow Dancing in a Burning Room,John Mayer,0,77,FALSE,0.667,0.361,-8.69,0,0.0273,0.575,0.00506,0.0805,0.29,134.018
3bNv3VuUOKgrf5hu3YcuRo,Someone Like You,Adele,1,83,FALSE,0.556,0.319,-8.251,1,0.0281,0.893,0,0.0996,0.294,135.187
32wVrDLRrjusWYwKGyZj56,Someday,Yara Meyers; Nathalie Hedin,0,26,FALSE,0.714,0.414,-6.466,1,0.0257,0.464,0,0.1,0.67,90.034
2A1w51R7uVAi3l75UT1HTw,Howl´s Moving Castle (Theme Song),Bastian Lee Jones,0,39,FALSE,0.375,0.181,-17.022,0,0.0505,0.984,0.898,0.133,0.0709,71.128
6idOWNrt9dwvetYIy70JLy,"Song of Storms (From ""Ocarina of Time"")",Moisés Nieto,0,50,FALSE,0.608,0.267,-13.201,0,0.0365,0.98,0.915,0.137,0.46,98.815
308Ir17KlNdlrbVLHWhlLe,The Feels,TWICE,0,86,FALSE,0.808,0.903,-2.179,1,0.0729,0.0899,0,0.0816,0.922,120.044
56Yxkm62GtEpnPyG7TvwLY,LOCO,ITZY,0,81,FALSE,0.759,0.886,-3.067,1,0.187,0.0103,2.04e-5,0.342,0.489,102.065
4bT2zLVv2T4GiK9q9KtI0v,Stay The Night - Featuring Hayley Williams Of Paramore,Zedd; Hayley Williams,0,67,FALSE,0.596,0.738,-3.109,1,0.0411,0.109,0,0.0947,0.461,127.961
5Nm9ERjJZ5oyfXZTECKmRt,Stay With Me,Sam Smith,0,85,FALSE,0.418,0.42,-6.444,1,0.0414,0.588,6.39e-5,0.11,0.184,84.094
3cUxncrTWSA9lhlQbuIwUY,Stuck on the puzzle,Alex Turner,0,69,FALSE,0.58,0.682,-8.523,1,0.0332,0.0792,0.0316,0.161,0.774,77.53
2iuZJX9X9P0GKaE93xcPjk,Sugar,Maroon 5,1,84,TRUE,0.748,0.788,-7.055,1,0.0334,0.0591,0,0.0863,0.884,120.076
760jhRscwGbIIe1m1IIQpU,Surface Pressure,Jessica Darrow,1,92,FALSE,0.65,0.584,-8.286,1,0.307,0.0174,1.54e-6,0.042,0.37,180.088
1u8c2t2Cy7UBoG4ArRcF5g,Blank Space,Taylor Swift,1,86,FALSE,0.76,0.703,-5.412,1,0.054,0.103,0,0.0913,0.57,95.997
1ExfPZEiahqhLyajhybFeS,The Lazy Song,Bruno Mars,1,75,FALSE,0.794,0.711,-5.124,0,0.0699,0.3,0,0.0955,0.955,174.915
1A8j067qyiNwQnZT0bzUpZ,This Girl (Kungs Vs. Cookin' On 3 Burners),Kungs; Cookin' On 3 Burners,1,80,FALSE,0.792,0.717,-4.759,0,0.0393,0.0927,3.59e-5,0.226,0.466,121.985
1uRFVu0S1Eic2cVn49XtTa,Song of Northeast China,Traditional Chinese Music; Traditional; Chinese Yang Qin Relaxation,0,1,FALSE,0.735,0.39,-6.656,0,0.0439,0.826,0.942,0.336,0.302,120
44tTqUi3xi7E28QLzHVdUA,Anti-Romantic,TOMORROW X TOGETHER,1,80,FALSE,0.641,0.489,-8.668,0,0.11,0.0509,0,0.071,0.206,142.977
3APayTEWiUl9Ssep4BOXR2,Torn,Natalie Imbruglia,0,70,FALSE,0.558,0.928,-3.04,1,0.0356,0.0746,5.44e-5,0.696,0.6,96.313
3afkJSKX0EAMsJXTZnDXXJ,Strawberries & Cigarettes,Troye Sivan,0,86,FALSE,0.578,0.537,-8.676,1,0.0832,0.162,0,0.076,0.25,83.909
0nhBKubnVz9yFNNprBniWz,YOUTH,Troye Sivan,0,76,FALSE,0.628,0.737,-4.437,1,0.041,0.0625,0,0.0777,0.592,91.507
0VqSdtXseb9khdZrnYVyM1,不為誰而作的歌,JJ Lin,0,60,FALSE,0.402,0.641,-5.905,1,0.0335,0.534,0,0.112,0.252,145.054
3EsdgnpdRxecbzU4Ccr91F,Until The Day,JJ Lin,0,35,FALSE,0.438,0.496,-6.409,1,0.0314,0.652,0,0.116,0.169,124.848
5avVpUakfMHD6qGpaH26CF,Conquest of Paradise,Vangelis,0,65,FALSE,0.43,0.295,-14.255,1,0.0283,0.698,0.569,0.226,0.159,74.014
1SLxVWqXo9zNrrDKRa3m1G,Viva La Vida,Coldplay,0,65,FALSE,0.486,0.617,-7.115,0,0.0287,0.0954,3.23e-6,0.109,0.417,138.015
6sPOmDulFtLzfX25zICNrC,Build Me Up Buttercup - Mono,The Foundations,1,77,FALSE,0.659,0.513,-7.186,1,0.0293,0.315,0,0.283,0.855,133.609
03xWMkKEbeO4SnylA53ipj,"When Will My Life Begin? - From ""Tangled"" / Soundtrack Version",Mandy Moore,1,73,FALSE,0.673,0.42,-7.581,1,0.0317,0.112,0,0.0897,0.385,108.066
6zvtPVptAvY6wRbkPGLKff,Morning Coffee,Chevy; Nalba,0,63,FALSE,0.568,0.187,-13.438,1,0.439,0.678,0,0.388,0.761,210.871
2DcmVSLAg0ZzfOQxDshZHY,給我一個理由忘記,A-Lin,0,60,FALSE,0.399,0.512,-5.801,1,0.0357,0.583,0,0.104,0.197,133.175
6WoQzK5Exbfcmow1AoNRkl,可惜沒如果,JJ Lin,0,62,FALSE,0.486,0.424,-5.755,1,0.0262,0.617,0,0.116,0.286,79.989
1DpZSN9ES1Ht5pVvyfXSnP,小城故事 - 電影「小城故事」主題曲,Teresa Teng,0,18,FALSE,0.461,0.37,-10.152,1,0.0358,0.615,9.82e-5,0.0854,0.381,79.908
3Ydjnv6u9nH57HAPFpgUEY,叙世,Aki阿杰; 清弄,0,28,FALSE,0.437,0.477,-10.042,0,0.0477,0.535,4.62e-6,0.0567,0.289,146.09
0afhq8XCExXpqazXczTSve,Galway Girl,Ed Sheeran,0,81,FALSE,0.624,0.876,-3.374,1,0.1,0.0735,0,0.327,0.781,99.943
5l6GqSxplqnZbLg0LTPQeG,Back To December,Taylor Swift,0,71,FALSE,0.517,0.606,-5.797,1,0.0289,0.0202,0,0.324,0.296,141.929
4jPy3l0RUwlUI9T5XHBW2m,Mood (feat. iann dior),24kGoldn; iann dior,1,90,TRUE,0.701,0.716,-3.671,0,0.0361,0.174,0,0.324,0.732,91.007
7qiZfU4dY1lWllzX7mPBI3,Shape of You,Ed Sheeran,1,89,FALSE,0.825,0.652,-3.183,0,0.0802,0.581,0,0.0931,0.931,95.977
432oTQVNmrodzc0ogsY7ej,Something Just Like This (AWS),EDM For You,0,26,FALSE,0.818,0.408,-9.336,1,0.0303,0.592,0.448,0.105,0.445,94.996
3eLn3T514pFRwCJJWs9HNx,Oh Canada (New Lyrics),Russ Clayton,0,22,FALSE,0.392,0.188,-14.462,1,0.0291,0.342,5.78e-5,0.107,0.339,96.356
4vAmmLsZYbOmshmt2OWQDF,Turns,Lionzed,0,5,FALSE,0.807,0.503,-6.88,1,0.0466,0.536,2.73e-4,0.19,0.546,128.059
26OVhEqFDQH0Ij77QtmGP9,YES or YES,TWICE,0,75,FALSE,0.702,0.913,-2.977,1,0.0374,0.0514,3.72e-6,0.166,0.735,137.981
6JNUBfWGs8kNl7k47Hvpgd,Im An Island Boy,Flyysoulja; Kodiyakredd,0,60,TRUE,0.809,0.641,-7.063,0,0.0755,0.0545,3.49e-5,0.083,0.759,99.934
0pwYLVXVknPSGUQb39cePC,As Long As You Love Me,Justin Bieber; Big Sean,0,71,FALSE,0.571,0.873,-3.382,0,0.1,0.0811,0,0.361,0.613,139.691
4cOdK2wGLETKBW3PvgPWqT,Never Gonna Give You Up,Rick Astley,1,82,FALSE,0.721,0.939,-11.823,1,0.0376,0.115,3.79e-5,0.108,0.914,113.309
0WIAZIziAzAC52iyuZELn1,Blinded By Light,Masashi Hamauzu,0,46,FALSE,0.281,0.695,-7.881,0,0.0472,0.0336,0.827,0.378,0.424,109.595
3SktMqZmo3M9zbB7oKMIF7,Gravity,John Mayer,0,76,FALSE,0.753,0.326,-9.883,1,0.0342,0.731,0.00131,0.24,0.237,123.799
5YHBz9SYkNQcHRSesfO4N3,Paradise (Extended Mix),Sound Souler,0,24,FALSE,0.569,0.927,-6.624,0,0.0338,0.00317,0.69,0.0993,0.792,126.023
3OGhAh9RuI0BcC1oBhiTnz,oblivious,Kalafina,0,46,FALSE,0.502,0.871,-5.099,0,0.0659,0.14,0,0.7,0.292,125.003
4eFx1vS9tNVffDpaUglUGm,Windfall,TheFatRat,0,57,FALSE,0.651,0.852,-5.439,0,0.0302,0.0477,0.705,0.0658,0.398,102.004
3dYD57lRAUcMHufyqn9GcI,Take Me To Church,Hozier,1,86,FALSE,0.566,0.664,-5.303,0,0.0464,0.634,0,0.116,0.437,128.945
2F9xBxKbx2M0pbgtSu8fLf,Victory,Two Steps from Hell; Thomas Bergersen,0,70,FALSE,0.503,0.917,-6.111,1,0.0649,0.00903,0.326,0.162,0.266,119.993
6JV2JOEocMgcZxYSZelKcc,"CAN'T STOP THE FEELING! (from DreamWorks Animation's ""TROLLS"")",Justin Timberlake,1,80,FALSE,0.666,0.83,-5.715,1,0.0751,0.0123,0,0.191,0.702,113.03
0UvCh63URrLFcPkKt99hHd,Don't Look Back in Anger - Remastered,Oasis,0,75,FALSE,0.327,0.938,-3.237,1,0.0645,0.0708,3.79e-6,0.148,0.326,162.937
2ZDpSQfBdgkooeXw6oj3Uz,100 Degrees,Rich Brian,0,65,TRUE,0.756,0.648,-5.287,1,0.0731,0.118,0,0.515,0.657,80.979
3wrPaT9MQxCG1LQmNvNRed,18,Kris Wu; Rich Brian; Trippie Redd; Baauer,0,51,TRUE,0.632,0.629,-5.935,1,0.258,0.183,0,0.344,0.207,179.882
5G8YqJQ6oyPkxBSjpkCVRy,365 FRESH,Triple H,0,56,FALSE,0.823,0.837,-4.533,1,0.0582,0.19,0,0.28,0.842,107.989
5mIOsPuQdXchVY0jB5NO9Q,4EVER,Clairo,0,75,FALSE,0.75,0.585,-7.576,0,0.0285,0.049,0.00552,0.155,0.584,102.331
6YI65Sb4nKEgu9pVl5GWjm,50 Feet,SoMo,0,55,TRUE,0.515,0.458,-9.854,1,0.0868,0.158,0,0.0919,0.117,92.988
0GjEhVFGZW8afUYGChu3Rr,Dancing Queen,ABBA,1,84,FALSE,0.543,0.87,-6.514,1,0.0428,0.358,9.39e-4,0.792,0.754,100.804
4L424kWg7jMtZa7vGgp5YW,"Fantaisie-Impromptu, Op.66: Fantaisie-Impromptu, Op.66",Frédéric Chopin; Olga Kern,0,45,FALSE,0.267,0.0302,-27.622,1,0.0379,0.99,0.901,0.0802,0.0851,68.609
5p0ietGkLNEqx1Z7ijkw5g,My Love,Westlife,0,73,FALSE,0.491,0.593,-5.975,1,0.0255,0.098,0,0.257,0.328,144.142
2u2udGmop1z67EPpr91km7,Man in the Mirror,Michael Jackson,1,68,FALSE,0.794,0.798,-5.639,1,0.0366,0.429,1.16e-5,0.118,0.265,100.338
5yFSF6qQA1rcLsQRnBsZgb,All Falls Down (feat. Juliander),Alan Walker; Noah Cyrus; Digital Farm Animals; Juliander,0,69,FALSE,0.658,0.678,-4.407,1,0.058,0.303,0,0.361,0.662,97.976
32pVxiyqfsKKoZMEyF9WDn,All Good,Samm Henshaw,0,63,FALSE,0.6,0.83,-2.789,1,0.311,0.154,0,0.0865,0.941,79.836
0bYg9bo50gSsH3LtXe2SQn,All I Want for Christmas Is You,Mariah Carey,1,78,FALSE,0.336,0.627,-7.463,1,0.0384,0.164,0,0.0708,0.35,150.273
3U4isOIWM3VvDubwSI3y7a,All of Me,John Legend,0,89,FALSE,0.422,0.264,-7.064,1,0.0322,0.922,0,0.132,0.331,119.93
53CJANUxooaqGOtdsBTh7O,Old Town Road,Lil Nas X,1,23,FALSE,0.908,0.517,-6.063,1,0.129,0.0361,1.73e-6,0.0949,0.471,136.019
3vAncbML0jhNrp63DKhsCo,Round And Round,HEIZE; Han Suji,0,64,FALSE,0.604,0.687,-5.13,0,0.0327,0.757,0.234,0.0718,0.504,119.992
6GNRkaWUB0Lwc19SdkTgx8,All Too Well,Taylor Swift,1,70,FALSE,0.602,0.609,-7.803,1,0.0243,0.0382,2e-4,0.128,0.337,93.06
0FJL3Dwu8oUpwDb80qNdvP,Always with Me,Yumi Kimura,0,59,FALSE,0.436,0.0438,-19.577,1,0.0527,0.993,0,0.0842,0.688,144.532
3zIvzPKUUdSpDCm1uua6Be,ANL,NCT DREAM,0,60,FALSE,0.668,0.714,-3.36,0,0.0503,0.254,0,0.143,0.603,157.85
1HHnQYqcnlnE9q7LGFFGFj,Off Of My Mind,Icona Pop; VIZE,0,73,FALSE,0.798,0.752,-5.947,1,0.227,0.128,0.0362,0.0795,0.565,125.996
17i5jLpzndlQhbS4SrTd0B,"Cello Suite No. 1 in G Major, BWV 1007: I. Prélude",Johann Sebastian Bach; Yo-Yo Ma,0,71,FALSE,0.275,0.157,-18.752,1,0.0636,0.89,0.842,0.186,0.304,73.289
4ju98rvX917EwXLKLnRbQ2,"Piano Concerto in G Major, M. 83: II. Adagio assai",Maurice Ravel; Krystian Zimerman; Cleveland Orchestra; Pierre Boulez,0,55,FALSE,0.126,0.0159,-34.595,1,0.0401,0.976,0.949,0.0863,0.0373,74.02
39LLxExYz6ewLAcYrzQQyP,Levitating,Dua Lipa,1,87,FALSE,0.695,0.884,-2.278,0,0.0753,0.0561,0,0.213,0.914,103.014
3PIzRyHtPjKfMr7XjosoVe,All Night,ASTRO,0,61,FALSE,0.57,0.784,-4.607,0,0.186,0.241,0,0.106,0.594,150.062
2ngmiq1KoYn3x25VOmvd8F,DNA,BTS,1,62,FALSE,0.599,0.775,-3.997,0,0.0542,0.022,0,0.0669,0.703,129.817
1e8J3XClxZbFmvIHLI8CE4,IDOL,BTS,1,79,FALSE,0.733,0.855,-3.211,1,0.118,0.00481,0,0.123,0.42,126.035
3lrNsPdn98i6rxO142pLT6,O.O,NMIXX,0,83,FALSE,0.39,0.767,-3.918,0,0.293,0.0354,4.26e-6,0.0601,0.285,200.263
0dcnrLo8s1rhjm8euGjI4n,DARARI,TREASURE,0,86,FALSE,0.716,0.638,-6.87,1,0.0392,0.486,0,0.0702,0.552,84.955
7b2np6IC8ByZihqt9ADHn6,Passionate BGM for Nagoya Coffeehouses,Kissaten BGM,0,0,FALSE,0.592,0.169,-13.943,0,0.0792,0.926,0.902,0.115,0.0967,118.597
6PQ88X9TkUIAUIZJHW2upE,Bad Habits,Ed Sheeran,1,58,FALSE,0.808,0.897,-3.712,0,0.0348,0.0469,3.14e-5,0.364,0.591,126.026
5wANPM4fQCJwkGd4rN57mH,drivers license,Olivia Rodrigo,1,92,TRUE,0.561,0.431,-8.81,1,0.0578,0.768,1.42e-5,0.106,0.137,143.875
6SRsiMl7w1USE4mFqrOhHC,brutal,Olivia Rodrigo,0,85,TRUE,0.672,0.526,-6.446,1,0.0599,0.0311,1.37e-6,0.28,0.28,123.999
4OAuvHryIVv4kMDNSLuPt6,Red (Taylor's Version),Taylor Swift,1,81,FALSE,0.516,0.777,-4.908,0,0.0375,0.00108,1.62e-6,0.0761,0.408,125.047
1iIhGHzzrzqQfuNkFI2qAn,Any song,ZICO,0,72,FALSE,0.874,0.787,-2.416,0,0.129,0.118,0,0.11,0.896,108.007
3NkkcnnKrNHv4AiGaPdD76,Energetic,Wanna One,0,66,FALSE,0.714,0.886,-3.076,1,0.0461,0.058,0,0.112,0.752,125.046
4clXV4rlEHScwSR85lumky,Harry Potter Theme,John Williams; Hollywood Studio Orchestra,1,48,FALSE,0.131,0.232,-12.597,0,0.0371,0.952,0.774,0.0935,0.0393,178.208
2Fxmhks0bxGSBdJ92vM42m,bad guy,Billie Eilish,1,87,FALSE,0.701,0.425,-10.965,1,0.375,0.328,0.13,0.1,0.562,135.128
54bFM56PmE4YLRnqpW6Tha,Therefore I Am,Billie Eilish,0,81,FALSE,0.889,0.34,-7.773,0,0.0697,0.218,0.13,0.055,0.716,94.009
4SSnFejRGlZikf02HLewEF,bury a friend,Billie Eilish,1,79,FALSE,0.905,0.389,-14.505,1,0.332,0.74,0.162,0.106,0.196,120.046
6qZjm61s6u8Ead9sWxCDro,Elephant,Tame Impala,0,74,FALSE,0.598,0.553,-6.742,0,0.0397,0.562,0.157,0.257,0.533,123.075
7E1jVNoWuemqUryI4FxsVD,off the table (with The Weeknd),Ariana Grande; The Weeknd,0,69,FALSE,0.411,0.522,-7.295,1,0.0981,0.519,0,0.398,0.382,88.332
5ygDXis42ncn6kYG14lEVG,Baby Shark,Pinkfong,1,79,FALSE,0.829,0.886,-1.746,1,0.112,0.259,0,0.0559,0.777,115.056
0Bo5fjMtTfCD8vHGebivqc,Axel F,Crazy Frog,0,72,FALSE,0.86,0.907,-3.321,1,0.0407,0.279,0.693,0.0648,0.786,138.045
0puf9yIluy9W0vpMEUoAnN,Bang Bang,Jessie J; Ariana Grande; Nicki Minaj,1,82,FALSE,0.706,0.786,-3.417,0,0.091,0.26,0,0.38,0.751,150.028
6ubB2VCE4z6q66zdGfusJZ,Be The One,PANDORA; Beverly,0,50,FALSE,0.512,0.998,-2.651,0,0.134,0.00354,0.735,0.129,0.237,136.002
27aQH9DIJ3ozx3dC91Hhjg,Beach Life-In-Death,Car Seat Headrest,0,56,TRUE,0.247,0.792,-7.101,1,0.093,0.00393,0.0895,0.393,0.26,114.49
6f5ExP43esnvdKPddwKXJH,Better Days (NEIKED x Mae Muller x Polo G),NEIKED; Mae Muller; Polo G,0,90,FALSE,0.717,0.671,-5.077,0,0.0337,0.0018,2.54e-6,0.0921,0.699,110.054
1XyL3J7eTTKnxRZAM3LqIT,Beggin (original version),Madcon,1,75,FALSE,0.715,0.8,-5.144,0,0.057,0.0271,0,0.0648,0.445,129.023
0BPKqNWOKQam19tKWoZQwu,Birch Tree,Foals,0,61,FALSE,0.659,0.792,-7.101,0,0.0301,0.0186,0.0407,0.102,0.467,108.011
1uwADQkNIQBTMSZ2IUkqPl,blue!,Ruddie Miller; CRUCiAL STAR,0,12,FALSE,0.787,0.715,-5.09,0,0.0925,0.304,9.62e-6,0.101,0.69,98.025
1A0FWUsihHaPmAHxZZpKbY,Boundless,Aero Chord,0,53,FALSE,0.646,0.964,-3.751,1,0.0974,0.00151,0.914,0.32,0.661,170.054
5UHM8Z6GXhaB6RUlBemByI,Break of Dawn,Michael Jackson,0,51,FALSE,0.658,0.648,-3.074,1,0.106,0.39,0,0.127,0.409,81.007
1Mk77ZCLBBMquaupM9kndp,Brooklyn,The Midnight,0,46,FALSE,0.501,0.334,-10.564,1,0.0452,0.814,0,0.112,0.295,73.266
2Pner0zYKaSPQ3YeYYXdup,INDUSTRY BABY (feat. Jack Harlow),Lil Nas X; Jack Harlow,1,66,FALSE,0.736,0.699,-7.404,0,0.0579,0.0221,0,0.0486,0.911,149.991
0aE3V0zgSD2YwkEHW42gxG,Burning Up (Fire),BTS,1,76,FALSE,0.626,0.706,-3.201,0,0.0596,0.00225,0,0.122,0.534,99.939
6EWoLZ6n26bF3Cl9Hq3pqv,I Need U,BTS,0,58,FALSE,0.485,0.897,-2.383,0,0.0678,0.0184,0,0.296,0.649,78.851
2u54HNQamwFuOMLSuhSRom,Blood Sweat & Tears,BTS,1,79,FALSE,0.584,0.885,-3.571,0,0.104,0.0244,0,0.357,0.605,92.9
2UT7Ba7JX3GXVuy4fVYAL2,Burn The Floor,SUPER JUNIOR,0,49,FALSE,0.622,0.741,-4.772,0,0.0593,0.296,0,0.155,0.513,120.011
4FMgYCZ5Nb2K5yiciX7JLK,Chandelier,Sia,1,61,FALSE,0.283,0.783,-2.872,1,0.0795,0.017,6.82e-5,0.0714,0.601,174.939
3ZAbzT3EIBAM4pDB6pD8V6,River,Charlie Puth,0,54,FALSE,0.775,0.329,-6.962,0,0.034,0.838,0,0.108,0.252,100.034
1scaOnahzG7o8pfwfsL784,Chinese Satellite,Phoebe Bridgers,0,65,FALSE,0.301,0.452,-9.931,1,0.0452,0.742,0.0219,0.152,0.363,120.04
1z6WtY7X4HQJvzxC4UgkSf,Love On Top,Beyoncé,0,78,FALSE,0.652,0.748,-5.242,1,0.0887,0.0849,0,0.604,0.652,94.1
71OvX5NNLrmz7rpq1ANTQn,Daddy Lessons,Beyoncé,0,68,FALSE,0.643,0.503,-8.37,1,0.216,0.273,0,0.349,0.598,90.886
2loAdBnjOUb9B64pbviZ7N,"Nocturne in E minor, Op. 72, No. 1",Frédéric Chopin; Janusz Olejniczak,0,44,FALSE,0.199,0.00834,-28.213,1,0.0389,0.993,0.882,0.0555,0.0411,63.573
186NCtNk1tUYS7c2DxgJ7O,Christmas Tree,V,0,88,FALSE,0.437,0.384,-8.384,1,0.042,0.699,2.33e-5,0.121,0.181,139.009
405HNEYKGDifuMcAZvqrqA,Clair De Lune,Claude Debussy,1,61,FALSE,0.202,0.129,-18.237,1,0.0411,0.855,0.00243,0.104,0.0793,86.741
1A5V1sxyCLpKJezp75tUXn,Closing Time,Semisonic,0,76,FALSE,0.478,0.854,-5.454,1,0.0289,0.0204,1.21e-6,0.115,0.274,91.854
13HaPtzk6OEREfoWcGY8xu,"Take Me Home, Country Roads",John Denver,0,68,FALSE,0.456,0.383,-9.516,1,0.0263,0.715,0,0.127,0.67,82.026
3xdjjKMcMOFgo1eQrfbogM,Wagon Wheel,Darius Rucker,0,80,FALSE,0.537,0.66,-7.174,1,0.0296,0.455,0,0.135,0.574,148.096
3QV7NYkrmV0Q0IHdFJw9hO,She Thinks My Tractor's Sexy,Kenny Chesney,1,67,FALSE,0.689,0.886,-7.066,0,0.0382,0.0664,0,0.278,0.906,122.07
2EoIt9vdgFRNW03u5IvFsQ,Achy Breaky Heart,Billy Ray Cyrus,1,69,FALSE,0.8,0.563,-10.209,1,0.0303,0.051,0,0.0797,0.961,121.808
3Txcx4jhuiTZSvhAL0WaRc,Crush,Yuna; Usher,0,64,FALSE,0.678,0.414,-10.144,0,0.0498,0.366,3.78e-6,0.0885,0.355,130.031
1TQXIltqoZ5XXyfCbAeSQQ,Dancing With Your Ghost,Sasha Alex Sloan,0,84,FALSE,0.629,0.328,-8.284,1,0.029,0.768,2.5e-5,0.103,0.389,74.953
0zzRxtfO5FGxKdqq4OKmlw,Danger,BTS,0,72,FALSE,0.738,0.868,-3.363,1,0.0702,9.07e-4,2.09e-4,0.275,0.377,111.991
2LJu1jAlr65RzomdhOWm2H,DAYS and MOONS,Elsa Kopf,0,30,FALSE,0.563,0.208,-11.024,0,0.0309,0.945,4.58e-5,0.132,0.154,135.738
7eJMfftS33KTjuF7lTsMCx,death bed (coffee for your head),Powfu; beabadoobee,0,87,FALSE,0.726,0.431,-8.765,0,0.135,0.731,0,0.696,0.348,144.026
6habFhsOp2NvshLv26DqMb,Despacito,Luis Fonsi; Daddy Yankee,1,82,FALSE,0.655,0.797,-4.787,1,0.153,0.198,0,0.067,0.839,177.928
3xj7CICKpCDxxMJ5ilRbTY,I'll Be There,Walk Off the Earth,0,59,FALSE,0.695,0.68,-5.574,1,0.0475,0.269,0,0.326,0.449,95.006
2Ch7LmS7r2Gy2kc64wv3Bz,Die For You,The Weeknd,0,85,FALSE,0.582,0.525,-7.163,0,0.0627,0.111,0,0.134,0.51,133.249
2Lumsra3kuU61wXkEKzKaK,Disco,Surf Curse,0,74,FALSE,0.473,0.621,-8.698,0,0.0291,0.0253,3.66e-4,0.19,0.782,173.083
1058fW9H3fZA6QjYCdOBad,Don't Go Yet,Camila Cabello,0,87,FALSE,0.666,0.796,-6.967,0,0.103,0.0492,0,0.0442,0.61,110.108
1rfofaqEpACxVEHIZBJe6W,Havana (feat. Young Thug),Camila Cabello; Young Thug,1,84,FALSE,0.765,0.523,-4.333,1,0.03,0.184,3.56e-5,0.132,0.394,104.988
0DrDcqWpokMlhKYJSwoT4B,Don't Stop Me Now,Queen,1,68,FALSE,0.474,0.861,-5.984,1,0.26,0.0237,0.0158,0.664,0.6,156.333
6qLgGLeawKyhMFJ848XtYD,Dragonaut,Sleep,0,56,FALSE,0.352,0.65,-13.169,1,0.0415,0.00254,0.286,0.174,0.464,123.607
2iThPS3xkcRgg8V3ZgZWPQ,Dream It Possible,Chloé 666,0,52,FALSE,0.61,0.209,-12.937,0,0.0317,0.971,7.11e-6,0.0931,0.36,118.809
3dbLT62Cvs46Ju7a8gpr36,Savage,aespa,0,83,FALSE,0.727,0.879,-1.167,1,0.129,0.124,1.17e-5,0.244,0.671,146.959
0KAiuUOrLTIkzkpfpn9jb9,Drive By,Train,0,81,FALSE,0.765,0.837,-3.113,0,0.032,0.00107,1.06e-5,0.0801,0.721,122.028
23l1kVpqMVREiwU1YAlcr4,I Guess That's Why They Call It The Blues,Elton John,0,72,FALSE,0.673,0.663,-7.29,1,0.0269,0.217,0.017,0.177,0.671,120.634
2ENZ9lWpoLAGFDJsDb2Cbt,공허해 empty,WINNER,0,58,FALSE,0.619,0.698,-6.618,1,0.042,0.146,0,0.262,0.575,90.055
57k7F0oYRf46Ql8GQ2giSp,English Country Garden,Jimmie Rodgers,0,31,FALSE,0.618,0.331,-16.487,1,0.0297,0.469,0,0.114,0.836,131.193
0OOxQTOkE4s39TqkHvEc0G,Exceed,Miyuu,0,38,FALSE,0.646,0.836,-4.148,0,0.0341,0.0398,1.06e-5,0.326,0.653,127.019
2qQpFbqqkLOGySgNK8wBXt,FANCY,TWICE,0,80,FALSE,0.697,0.874,-2.15,0,0.0449,0.0122,0,0.627,0.775,132.018
6xkryXuiZU360Lngd4sx13,Fantasy,Mariah Carey,0,78,FALSE,0.669,0.727,-7.588,1,0.0353,0.139,0,0.123,0.807,102.322
4t02734jXNds1mFGp9CiMz,Mario Kart Wii - DK Summit,Good Knight Productions,0,0,FALSE,0.462,0.889,-7.389,1,0.0379,0.00236,0.879,0.0945,0.873,179.985
1gihuPhrLraKYrJMAEONyc,Feel So Close - Radio Edit,Calvin Harris,1,83,FALSE,0.707,0.924,-2.842,1,0.031,9.72e-4,0.00703,0.204,0.919,127.937
4djIFfof5TpbSGRZUpsTXq,Talk Too Much,COIN,0,76,FALSE,0.598,0.888,-5.119,1,0.0807,0.00947,0,0.347,0.482,103.966
2tpWsVSb9UEmDRxAl1zhX1,Counting Stars,OneRepublic,1,87,FALSE,0.664,0.705,-4.972,0,0.0382,0.0654,0,0.118,0.477,122.016
76FAfdFlazdZxS63izv3j4,If I Were A Rich Man,"John Williams; Chaim Topol; ""Fiddler On The Roof” Motion Picture Orchestra",1,50,FALSE,0.567,0.239,-14.578,1,0.331,0.859,9.19e-6,0.372,0.572,135.776
42O9DD2zPfHMTMhz4Ozwlg,No Cry,Fasion,0,40,FALSE,0.72,0.461,-9.191,0,0.171,0.173,0.355,0.0887,0.484,84.969
75MNhvTCCKsST3YqqUiU9r,Shivers,Ed Sheeran,1,85,FALSE,0.788,0.859,-2.724,1,0.0856,0.281,0,0.0424,0.822,141.02
1fEGtTZjrjJW8eUeewnNJR,"Flightless Bird, American Mouth",Iron & Wine,0,72,FALSE,0.369,0.403,-7.996,1,0.0259,0.827,0.0541,0.106,0.177,154.899
1bkvGbgK4HU8B7Ue4k7O7I,光年之外 (電影 《Passengers》 中國區主題曲),G.E.M.,0,63,FALSE,0.539,0.668,-6.825,0,0.0825,0.4,0,0.0864,0.238,175.867
1gXBi2I04CLJkTQnhNfEJT,Weight in Gold,Gallant,0,57,FALSE,0.38,0.438,-5.526,0,0.0962,0.0259,1.29e-5,0.154,0.349,179.404
0jFHMDRXxKaREor3hBEEST,Gashina,SUNMI,0,71,FALSE,0.722,0.833,-3.915,1,0.094,0.0556,0,0.195,0.53,93.941
6DA2NwV7uVf6gZkr5zfgRz,GEI$HA,JinxZhou,0,5,TRUE,0.675,0.726,-7.15,0,0.0633,0.192,0.0389,0.112,0.402,136.034
3vXnuFnC5RhPGwsFi0ORcI,Santé,Stromae,0,79,FALSE,0.641,0.681,-6.418,1,0.354,0.123,3.36e-5,0.0425,0.836,138.095
7xzMrUmlooPa1Fmp88hlYc,Sodade,Cesária Evora,0,62,FALSE,0.575,0.43,-13.168,1,0.0363,0.822,6.61e-4,0.115,0.427,82.691
1gVnckXtTdCoLwtiPPqlQS,A l'ammoniaque,PNL,0,70,TRUE,0.592,0.371,-9.965,0,0.0437,0.4,3.67e-4,0.0953,0.197,127.966
6xepovPqjvrkEw9Y5AMmTm,Lambada - Original Version 1989,Kaoma,1,74,FALSE,0.756,0.8,-5.158,1,0.0329,0.211,7.24e-4,0.0466,0.967,118.924
2LD2gT7gwAurzdQDQtILds,Veridis Quo,Daft Punk,0,69,FALSE,0.605,0.687,-13.928,0,0.045,0.479,0.949,0.104,0.12,106.896
2S7RApTsKT0CtYojYq2cKz,L'italiano,Toto Cutugno,0,67,FALSE,0.617,0.519,-11.411,0,0.0404,0.292,0,0.411,0.692,121.35
2c3sKqWYVJ0NsE3elgRhKH,Dragostea Din Tei,O-Zone,1,69,FALSE,0.809,0.965,-3.947,1,0.0427,0.177,0,0.0577,0.672,130.103
2XRZPj0hi4P5rEfkXPcnmT,"The Magic Flute, K. 620: Overture",Wolfgang Amadeus Mozart; Wilfried Gahmlich; Anna Gonda; Hungarian Festival Chorus; Budapest Failoni Chamber Orchestra; Michael Halasz; Hellen Kwon; Lotte Leitner; Herbert Lippert; Elizabeth Norberg-Schulz; Kurt Rydl; Georg Tichy; Julia Faulkner; Waltraud Winsauer,1,51,FALSE,0.31,0.115,-19.629,1,0.0433,0.969,0.751,0.133,0.103,90.128
2dHoVW9AxJVSRebPRyV2aA,Gone,ROSÉ,0,74,FALSE,0.647,0.377,-6.003,1,0.0375,0.594,0,0.0768,0.653,79.936
3u60XfUXljsWgC2YiXBRhR,Goodbyes,Hakii,0,14,FALSE,0.589,0.383,-10.626,1,0.179,0.55,0,0.219,0.543,119.895
1nPsdHEbHobjwNwIlFX9NF,Got to Be a Love - Paul Nice Remix,Greyboy; Quantic; Sharon Jones; Paul Nice,0,55,FALSE,0.808,0.728,-5.811,0,0.0671,0.19,0.0502,0.114,0.696,94.932
2BPzPlWRcgwWT4rOSvUza8,[Theme Song] Wu Ji - Chorus Edition,Xiao Zhan; WANG YIBO,0,60,FALSE,0.323,0.697,-6.139,0,0.0375,0.00313,1.83e-5,0.107,0.386,89.973
3dPtXHP0oXQ4HCWHsOA9js,夜に駆ける,YOASOBI,0,78,FALSE,0.67,0.874,-5.221,1,0.0305,0.00231,1.72e-5,0.3,0.789,130.041
5NGtFXVpXSvwunEIGeviY3,Gymnopédie No. 1,Erik Satie; Philippe Entremont,0,73,FALSE,0.469,0.0128,-36.856,1,0.119,0.994,0.937,0.0941,0.354,72.765
4TTV7EcfroSLWzXRY6gLv6,Alexander Hamilton,Leslie Odom Jr.; Daveed Diggs; Okieriete Onaodowan; Lin-Manuel Miranda; Phillipa Soo; Christopher Jackson; Original Broadway Cast of Hamilton; Anthony Ramos,1,75,FALSE,0.609,0.435,-7.861,0,0.285,0.522,0,0.118,0.552,131.995
0RTL6YEIGQ1sgDPaArGi3A,Love Brings Happiness - BGM Mix,Reading Jazz Lounge Background Music,0,17,FALSE,0.392,0.193,-19.478,1,0.0343,0.926,0.873,0.12,0.23,135.081
60nZcImufyMA1MKQY3dcCH,"Happy - From ""Despicable Me 2""",Pharrell Williams,1,83,FALSE,0.647,0.822,-4.662,0,0.183,0.219,0,0.0908,0.962,160.019
7woW97CfcWaKtuC6W5BP2K,Heal the World,Michael Jackson,0,72,FALSE,0.545,0.485,-8.045,1,0.0485,0.537,1.8e-6,0.104,0.101,80.948
4nZ8Sig2mIJIduu8x0cz3G,Hear My Voice,Celeste,0,2,FALSE,0.339,0.383,-5.667,1,0.0313,0.625,0.00119,0.136,0.204,139.745
332GJ8ykVuEt3jOT1sy7j6,Hello Future,NCT DREAM,0,73,FALSE,0.545,0.803,-2.283,1,0.0526,0.0261,0,0.114,0.5,170.006
2TGniNBlW1mBJFxvSLZ4SA,Beautiful,NCT 2021,0,71,FALSE,0.652,0.919,-1.514,1,0.0339,0.399,0,0.131,0.702,127.984
3MMyiRAyQC3MWO5LnrbDoI,Spadina Bus,The Shuffle Demons,1,15,FALSE,0.716,0.379,-16.66,1,0.0648,0.104,2.28e-5,0.0958,0.808,112.974
4HEtdz4mj1Lz2Mai6F8nyY,Streetcar,Joseph Arthur,0,11,FALSE,0.68,0.81,-6.21,0,0.0529,0.0342,0,0.16,0.369,86.985
7zkLpY72g6lKQbiHDqri1S,Sunrise,Norah Jones,1,75,FALSE,0.526,0.299,-13.797,1,0.031,0.941,0.097,0.106,0.679,156.848
4mZUm3WcqvuhilgpxRVPe7,The Best Of Me,Bryan Adams,0,47,FALSE,0.518,0.867,-4.705,1,0.0353,0.0997,0,0.415,0.41,106.39
71iSmEeF0qRVyULABxP75P,Shake It Out,Florence + The Machine,1,71,FALSE,0.519,0.799,-4.207,1,0.0371,0.00878,0,0.107,0.226,107.489
1G1Er84Lb9mnScxtUB30gQ,Peace Train,Yusuf / Cat Stevens,1,33,FALSE,0.611,0.585,-10.443,1,0.0443,0.126,4.06e-5,0.115,0.772,82.479
6aBUnkXuCEQQHAlTokv9or,This Must Be the Place (Naive Melody) - 2005 Remaster,Talking Heads,0,74,FALSE,0.942,0.641,-10.15,1,0.0333,0.331,0.179,0.028,0.966,114.443
37kTASujIfZZ27NV7PfIrf,Hard to Concentrate,Red Hot Chili Peppers,0,60,FALSE,0.641,0.502,-7.334,1,0.0251,0.156,4.35e-6,0.311,0.326,105.634
0ZsoOtTC5ZRFVZtEXBy2dE,Heartbeats,The Knife,0,55,FALSE,0.646,0.752,-4.876,1,0.032,0.0189,7.74e-5,0.111,0.445,87.978
4AF30FQRJLD2QQZNsTJ2Me,"1,2,3 soleil",2TH,0,36,TRUE,0.872,0.748,-6.316,0,0.252,0.277,0,0.148,0.741,124.016
3G6hD9B2ZHOsgf4WfNu7X1,Team,Lorde,1,80,FALSE,0.69,0.578,-7.436,1,0.0929,0.167,0,0.305,0.416,99.961
6sppiVa0w9Lfi7m8NVwTsf,Gold Digger - AOL Sessions,Kanye West; Jamie Foxx,1,39,FALSE,0.674,0.681,-9.681,0,0.39,0.0404,0,0.136,0.732,92.313
4TwVtW8hS5LyLoDtJGpUOg,History,88rising; Rich Brian,0,68,TRUE,0.554,0.589,-8.163,0,0.231,0.613,2.57e-4,0.0982,0.414,74.982
4gCr9LKQ74aMTvNZpA2UpI,Snare Liftoff - I Want to Be One of the Greats,J.K. Simmons,0,39,FALSE,0.804,0.488,-10.824,0,0.0568,0.0242,0.57,0.208,0.0351,101.348
2xYhSrp9lT1DeT3j9k7zoV,"Overture - From ""Whiplash""",Justin Hurwitz,0,49,FALSE,0.415,0.75,-8.812,0,0.128,0.121,0.284,0.136,0.652,136.073
4pSJHktywKsadO7yPdFcpN,Too Hip To Retire,Tim Simonec,0,47,FALSE,0.625,0.402,-11.308,0,0.0393,0.325,0.729,0.154,0.69,154.884
0v0oL77zDnGTdRwB2q6OIm,Whiplash,Hank Levy,0,55,FALSE,0.749,0.786,-3.841,1,0.05,0.406,0.342,0.291,0.862,107.329
0ZFortLKtHTKy7YtuJiubt,Fletcher's Song In Club,Justin Hurwitz,0,48,FALSE,0.872,0.3,-21.748,0,0.106,0.0503,0.97,0.111,0.584,97.979
2Xtsv7BUMrNodQWH2JPOc0,Caravan,John Wasson,0,57,FALSE,0.425,0.783,-9.077,1,0.0808,0.00631,0.852,0.0745,0.422,106.281
0qapsWg07oTQULTTwKn5eC,"What's Your Name - If You Want the Part, Earn It",J.K. Simmons,0,39,FALSE,0.607,0.629,-14.564,1,0.503,0.0728,0.00597,0.896,0.123,135.388
1WB8sz0cSlyA9rkGG3UBBG,Practicing,Justin Hurwitz,0,39,FALSE,0.247,0.283,-16.74,1,0.0382,0.0267,0.917,0.237,0.0319,138.958
7Kf1OlpD7yUV9rAkwP5nrF,Invited,Justin Hurwitz,0,36,FALSE,0.398,0.277,-20.784,1,0.0475,0.562,0.343,0.347,0.485,84.347
6sgFyVPMyXomnPUmlOF3Di,Call From Dad,Justin Hurwitz,0,36,FALSE,0.217,0.0238,-22.011,1,0.0402,0.927,0.942,0.0964,0.0339,74.035
6Foo4uB63EFWsmCpNDoBDB,Accident,Justin Hurwitz,0,37,FALSE,0.22,0.396,-15.062,0,0.0499,0.0659,0.925,0.261,0.0279,129.359
7nAR35jboGqHvI5bntx1Z4,Hug From Dad,Justin Hurwitz,0,36,FALSE,0.37,9.59e-4,-33.147,1,0.0669,0.979,0.921,0.0896,0.033,62.758
4TYOUPwSg6Pfn3VO10zQ9a,Drum & Drone,Justin Hurwitz,0,37,FALSE,0.51,0.668,-12.354,1,0.0677,0.00103,0.804,0.131,0.27,110.782
1g0m37R5E0WrsBc3iwn9Na,Carnegie,Justin Hurwitz,0,34,FALSE,0.185,0.0595,-18.211,1,0.0386,0.659,0.962,0.102,0,82.248
1KeIcldBAWFm5YQn4mArtH,Ryan / Breakup,Justin Hurwitz,0,33,FALSE,0.788,0.13,-20.642,1,0.0934,0.791,0.888,0.122,0.0329,99.792
2PJPeGvQpyillyOKTObyR2,Drum Battle,Justin Hurwitz,0,35,FALSE,0.154,5.76e-4,-27.416,1,0.0493,0.982,0.904,0.0978,0.0327,75.291
7FBb1JwTcuMfEsraqdchww,Dismissed,Justin Hurwitz,0,35,FALSE,0.228,0.00295,-25.114,1,0.0411,0.974,0.986,0.072,0.0353,62.695
26PuzXLJIZpMvXQrruqPpr,Good Job - He Was a Beautiful Player,J.K. Simmons,0,35,FALSE,0.599,0.457,-19.416,0,0.502,0.81,4.76e-4,0.227,0.336,115.904
0lXSrubZ5oMUkgiTQrbp4G,Intoit,Stan Getz,0,33,FALSE,0.575,0.286,-11.22,0,0.0469,0.926,3.96e-6,0.303,0.596,76.259
3O5PdZmVeOawb1ZBSrW6kL,No Two Words,Justin Hurwitz; Nicholas Britell,0,38,FALSE,0.348,0.413,-7.836,0,0.0351,0.754,0.0808,0.161,0.228,98.705
3uutc2ohVQMnThNidsOCA7,When I Wake,Justin Hurwitz,0,40,FALSE,0.59,0.209,-11.299,1,0.044,0.968,0.63,0.159,0.544,137.609
2VIpupQNf1P9vP2jNJMWyE,Casey's Song,Justin Hurwitz,0,39,FALSE,0.4,0.169,-13.419,1,0.0333,0.729,0.0638,0.179,0.214,79.641
543JoN210vypgdhhJ2kEAq,Upswingin',Tim Simonec,0,43,FALSE,0.548,0.663,-4.817,0,0.0629,0.291,0.659,0.179,0.644,99.322
2TL2nJWr5uqfAu0YiuG1jU,First Nassau Band Rehearsal / Second Nassau Band Rehearsal / Studio Band Eavesdrop / Studio Band Rehearsal After Breakup,Tim Simonec,0,38,FALSE,0.465,0.62,-6.416,0,0.078,0.519,0.198,0.114,0.835,101.676
01iIEbMiRdwhWADZMgLczS,The Price of Gasoline,Bloc Party,0,36,FALSE,0.555,0.92,-4.9,0,0.0807,5.17e-5,0.0275,0.445,0.635,170.176
5sbooPcNgIE22DwO0VNGUJ,POP/STARS,K/DA; Madison Beer; (G)I-DLE; Jaira Burns; League of Legends,0,77,FALSE,0.566,0.769,-4.342,1,0.0872,0.0183,0,0.108,0.385,170.036
3zLTPuucd3e6TxZnu2dlVS,"Bagatelle No. 25 in A Minor, WoO 59 ""Für Elise""",Ludwig van Beethoven; Igor Levit,1,62,FALSE,0.289,0.0306,-30.79,0,0.0446,0.987,0.911,0.102,0.118,125.61
0d28khcov6AiegSCpG5TuT,Feel Good Inc.,Gorillaz,1,86,FALSE,0.818,0.705,-6.679,1,0.177,0.00836,0.00233,0.613,0.772,138.559
0Hrd6CSafHHqKptyFppmqH,Undercover Martyn,Two Door Cinema Club,0,70,FALSE,0.442,0.872,-5.072,1,0.123,2.5e-4,1.74e-5,0.0602,0.568,159.867
0oV61UwIUzEEOKZOPx4gLv,Waves,Canyon City,0,45,FALSE,0.564,0.357,-11.659,1,0.0383,0.777,0.00107,0.94,0.262,112.207
0RzT9tBLcQhofW2TNiHP9B,God’s Menu,Stray Kids,0,69,FALSE,0.689,0.771,-3.618,1,0.0548,0.00776,0,0.521,0.482,157.052
4V5siYO9zHpLX5qf2F0qBV,Get Into It (Yuh),Doja Cat,1,60,FALSE,0.92,0.639,-6.095,0,0.204,0.267,1.2e-4,0.0847,0.732,91.92
12tLo4zslkJEgl8xXlawbI,Rex Incognito,Yu-Peng Chen; HOYO-MiX,0,66,FALSE,0.546,0.565,-9.322,0,0.0329,0.0116,0.00321,0.0886,0.117,145.066
1hp8K7DBnm5ih8BHApF5ZN,Flower Dance,DJ Okawari,0,33,FALSE,0.553,0.53,-9.049,0,0.028,0.605,0.0725,0.0899,0.7,100.017
1ixhDcbuuFUepgnsjl3ybU,夏日漱石(Summer Cozy Rock),Orange Ocean,0,51,FALSE,0.576,0.787,-4.643,1,0.028,0.0152,0.403,0.0689,0.66,102.002
1zd35Y44Blc1CwwVbW3Qnk,群青,YOASOBI,0,78,FALSE,0.725,0.853,-3.193,1,0.0516,0.305,0,0.115,0.707,134.991
26CpPV3VfvOXJSIXZsNkZR,迷途羔羊 - Live版,G.U.T.S,0,31,FALSE,0.65,0.785,-6.132,1,0.0379,0.312,0,0.0954,0.316,115.91
29O4t4CViDRSDwiutvsOLS,Love(Prod.Rocoberry),Loco; Lee sung kyung,0,52,FALSE,0.461,0.623,-5.04,1,0.0369,0.648,0,0.109,0.415,180.174
2FH0jT9o0mz71s7AtMkAa4,Bad Guy,Eklipse,0,52,FALSE,0.698,0.429,-9.246,0,0.0416,0.148,0.691,0.101,0.54,134.946
3jsYQw78lrxJA2ysnmOIf9,Some,BOL4,0,78,FALSE,0.659,0.799,-2.849,0,0.0629,0.417,0,0.0562,0.782,103.991
3L39BPAGNdyM2wnHNr06aF,Sail Away,Surfaces,0,56,FALSE,0.855,0.582,-5.813,0,0.0388,0.0197,0,0.0489,0.63,93.996
3u2TWIOpWwFEndbTyDLWu2,Piano Black,SEATBELTS,0,50,FALSE,0.701,0.725,-10.296,0,0.0461,0.166,0.898,0.109,0.65,120.866
3VSMRXCmLmcgb4p5irSJmf,I ไม่ O (IXO),Billkin,0,58,FALSE,0.672,0.741,-6.131,0,0.0331,0.0367,2.54e-6,0.12,0.862,117.024
47isJpIIO8m7BJEhiFhnaf,double take,dhruv,0,78,FALSE,0.456,0.437,-11.156,1,0.0867,0.839,0,0.218,0.209,108.678
49FYlytm3dAAraYgpoJZux,Umbrella,Rihanna; JAY-Z,1,85,FALSE,0.583,0.829,-4.603,1,0.134,0.00864,0,0.0426,0.575,174.028
4BMHp3DkI8VLsuB9Kr0pzu,Primavera,Ludovico Einaudi; Robert Ziegler; Royal Philharmonic Orchestra,0,66,FALSE,0.231,0.206,-13.593,0,0.0332,0.965,0.856,0.17,0.136,141.628
4dyx5SzxPPaD8xQIid5Wjj,Young Folks,Peter Bjorn and John,0,79,FALSE,0.699,0.812,-6.005,1,0.0377,0.0164,7.63e-4,0.105,0.662,138.185
4JY5s40ymnG18f6wxQtzPw,珊瑚海,Jay Chou; Lara Liang,0,61,FALSE,0.459,0.565,-5.537,1,0.0274,0.773,0,0.135,0.149,145.988
5r5cp9IpziiIsR6b93vcnQ,Walking On A Dream,Empire of the Sun,0,82,FALSE,0.871,0.701,-5.594,0,0.0458,0.257,7.52e-6,0.0589,0.716,126.975
4SFknyjLcyTLJFPKD2m96o,How You Like That,BLACKPINK,1,81,FALSE,0.812,0.761,-5.222,1,0.0812,0.0465,1.35e-4,0.0601,0.344,130.032
4XRaGryj589Fee9HqIDwup,Count What You Have Now,Vantage,0,61,FALSE,0.644,0.861,-3.42,1,0.249,0.00115,4.41e-5,0.165,0.389,127.904
5hQll2t2rfpVARhVjDVOYJ,Oddloop,frederic,0,62,FALSE,0.424,0.899,-3.937,0,0.0572,0.0034,8.1e-5,0.223,0.74,171.832
5wfN68o1OEdwLsgTvoZ3gh,Cold Brew,EtchDee; Dunlur,0,38,FALSE,0.6,0.209,-21.557,1,0.0748,0.829,0.889,0.176,0.242,169.948
6QgjcU0zLnzq5OrUoSZ3OK,Feel It Still,Portugal. The Man,1,80,FALSE,0.801,0.795,-5.115,0,0.0504,0.0417,1.13e-4,0.0717,0.754,79.028
6xJlmG85FjmO4eMFO6F2LQ,Don't Matter - Calypso Remix,Akon,0,8,FALSE,0.714,0.951,-5.904,1,0.0395,0.0337,0.0666,0.0711,0.783,125.173
7bM9NAUOnkemcKzhjZD1yf,ONE,ASTRO,0,60,FALSE,0.662,0.857,-2.334,1,0.0574,0.0745,0,0.194,0.354,95.015
7wa1cHqTRdjXZuqo4iigj1,LOSER,Kenshi Yonezu,1,17,FALSE,0.679,0.931,-3.74,0,0.0474,0.00466,0,0.0652,0.962,121.001
4Ixyx98epE8zjKLUDUW8O5,坦白,KnowKnow,0,53,FALSE,0.447,0.674,-5.261,1,0.211,0.162,0,0.117,0.514,92.997
02lnWiFJesnhuYT8xFziRt,Asian Chinese Flute,Buddhist Meditation Music Set,0,1,FALSE,0.117,0.0157,-27.115,0,0.039,0.996,0.88,0.0832,0.069,60.375
2ckGH6FtxWeAv0SskcREd1,Manta,Lexie Liu,0,52,FALSE,0.709,0.695,-4.289,0,0.0371,0.157,0,0.117,0.423,95.973
4ZWwJZItMQKXLr7xvS6cYt,Your Eyes,Neovaii,0,50,FALSE,0.657,0.484,-5.089,0,0.0254,0.516,0,0.118,0.237,139.806
7L4WcYnU9KhCqfzYTaKenr,迷途羔羊,G.U.T.S,0,48,FALSE,0.759,0.648,-7.528,1,0.0489,0.487,4.94e-4,0.0974,0.452,115.987
0kh3wScoCaRiX9i4PjVf50,仙儿 - Live,二手玫瑰,0,21,FALSE,0.496,0.69,-12.62,1,0.0444,0.0297,0.00474,0.314,0.54,126.158
0lOK6rOFeZXaqw4SUP5U3o,"Symphony No. 9 in E Minor, Op. 95 ""From the New World"": I. Adagio — Allegro molto",Antonín Dvořák; New York Philharmonic; Alan Gilbert,0,43,FALSE,0.249,0.114,-19.147,0,0.0379,0.908,0.914,0.0857,0.0943,125.141
1rci74bHqfuT3yv5NW7KOl,"Symphony No. 9 in E Minor, Op. 95 ""From the New World"": II. Largo",Antonín Dvořák; New York Philharmonic; Alan Gilbert,0,42,FALSE,0.0928,0.0229,-27.583,1,0.0446,0.959,0.96,0.0989,0.0362,86.806
3A01ScF7LJygtHFldMajb0,"Symphony No. 9 in E Minor, Op. 95 ""From the New World"": III. Scherzo. Molto vivace",Antonín Dvořák; New York Philharmonic; Alan Gilbert,0,38,FALSE,0.329,0.0899,-21.447,1,0.0415,0.92,0.831,0.101,0.194,120.987
4GdHkkbUtc63Jr3JI5Pm19,"Symphony No. 9 in E Minor, Op. 95 ""From the New World"": IV. Allegro con fuoco",Antonín Dvořák; New York Philharmonic; Alan Gilbert,0,46,FALSE,0.241,0.106,-19.619,0,0.0351,0.886,0.897,0.71,0.122,132.514
3K7xYRXPFDVyen7cZF5Zk2,Get Back Up Again,Anna Kendrick,0,67,FALSE,0.704,0.713,-3.411,1,0.0719,0.0142,0,0.238,0.592,99.301
4GCGH6TJ69neckwITeBFXK,Earth Song,Michael Jackson,0,69,FALSE,0.501,0.439,-7.521,0,0.0313,0.482,1.17e-4,0.087,0.145,138.377
2Pe8kPCiJSI363uO0Q4eB2,I Can Feel It,"Goldroom; Love, Alexa",0,44,FALSE,0.688,0.784,-10.144,0,0.043,0.0704,0.89,0.0506,0.369,124.008
5enKTHTO3V8qFrsyCtXwRF,Skin on Skin,Franc Moody,0,60,FALSE,0.871,0.749,-5.759,1,0.0968,0.362,0.00835,0.363,0.963,131.979
6eMeqiSoQYtM8u3vvfth21,Stuck with Me,The Neighbourhood,0,67,FALSE,0.538,0.742,-6.365,0,0.0521,0.018,0.014,0.152,0.425,165.951
6P07TM06PRUxfVRGxbgkyz,Wasting Time,Day Wave,0,17,FALSE,0.473,0.773,-7.842,1,0.0288,0.459,0.78,0.163,0.425,150.593
0oXwUeFAE6IR2lYhaTpxRT,Drag,Day Wave,0,61,FALSE,0.537,0.713,-6.25,1,0.0272,0.227,0.65,0.1,0.367,93.198
75ZvA4QfFiZvzhj2xkaWAh,I Fall Apart,Post Malone,0,83,TRUE,0.556,0.538,-5.408,0,0.0382,0.0689,0,0.196,0.291,143.95
3WLLJzllBEgPiSA0qd3BN3,I Just Wanna Run,The Downtown Fiction,0,63,FALSE,0.669,0.667,-3,1,0.0511,0.00769,0,0.0983,0.69,128.103
1qxFgvSDIjFHUppGBNhxjm,誰 - 電視劇《怪你過分美麗》插曲,王子異,0,31,FALSE,0.494,0.473,-8.533,1,0.0293,0.788,1.96e-6,0.139,0.399,129.726
3W4T3q3luaLACJtw2dmV2C,Coffee or Tea,李俊毅; 徐聖恩,0,26,FALSE,0.649,0.759,-4.606,0,0.0799,0.25,0,0.4,0.454,140.132
7JJmb5XwzOO8jgpou264Ml,There's Nothing Holdin' Me Back,Shawn Mendes,0,88,FALSE,0.866,0.813,-4.063,0,0.0554,0.38,0,0.0779,0.969,121.998
3zkWCteF82vJwv0hRLba76,Stitches,Shawn Mendes,1,82,FALSE,0.746,0.754,-6.684,1,0.0676,0.0152,0,0.0486,0.746,149.882
3znQ9i61vfe2E7URHlOiyc,I Love You 3000,Stephanie Poetri,0,73,FALSE,0.648,0.382,-7.85,1,0.0396,0.911,0,0.393,0.408,90.099
3XYRV7ZSHqIRDG87DKTtry,Permission to Dance,BTS,1,88,FALSE,0.702,0.741,-5.33,1,0.0427,0.00544,0,0.337,0.646,124.925
4bZZVcgWWMWPBwzTTp642w,Filter,BTS,0,83,FALSE,0.779,0.762,-5.188,0,0.0631,0.0224,0,0.121,0.859,110.043
5YMXGBD6vcYP7IolemyLtK,Euphoria,BTS,0,83,FALSE,0.637,0.799,-4.518,1,0.0338,0.394,0,0.0921,0.57,104.996
0fZRNhPJ4AGmwY7rkpdbqK,ON,BTS,0,81,FALSE,0.583,0.817,-5.146,0,0.099,0.118,0,0.338,0.437,105.935
47TAi297wmsdXldQSRcGoB,Nature Sounds New Zealand,Satorio,0,7,FALSE,0.15,0.999,-20.251,0,0.0553,0.209,0.957,0.952,1e-5,105.957
4OpQnT22ntW73F9PHBpacP,"Nature Sounds: Constant Sound Masking Radio Ambience Waves, Gurgles (Quartz Creek)",Natural White Noise Relaxation,0,55,FALSE,0.189,0.993,-21.551,1,0.0522,0.119,0.948,0.802,0.00361,59.47
3spoCLLTWx9FuQytIqAuXB,Storm Sounds,"Rain, Hurricane & Thunder Storms Sounds",0,30,FALSE,0.14,0.971,-15.184,1,0.0615,0.462,0.965,0.121,0.0054,86.863
2fH0sX5NpQ1xKcEh2jpzyY,Sultry Music for Studying - Lofi,Easy Listening Instrumental Music,0,0,FALSE,0.526,0.441,-15.988,0,0.0504,0.0873,0.574,0.239,0.465,179.851
6XaVFzyIosLSjB3EsSy7hw,Mood for Studying - Extraordinary Lofi Beats,Easy Listening Instrumental Music,0,7,FALSE,0.714,0.395,-11.335,0,0.126,0.583,0.0235,0.303,0.626,75.467
3Z0oQ8r78OUaHvGPiDBR3W,Into the Unknown,Idina Menzel; AURORA,0,78,FALSE,0.323,0.405,-8.533,0,0.0413,0.849,5.44e-4,0.138,0.274,145.104
3jxbd8H8XyzrWmOL8JX0Uk,Fade,Kanye West,0,34,FALSE,0.767,0.586,-6.786,0,0.0507,0.164,3.83e-6,0.301,0.419,105.996
5OuP08bgU2H7ZeDQQFQ6q8,Innocence,Avril Lavigne,0,61,FALSE,0.389,0.711,-3.664,0,0.0343,0.148,0,0.202,0.337,137.756
3SOqxzjuTU2qtKiIxoesNy,Jackpot,Jocelyn Alice,0,37,FALSE,0.777,0.474,-6.557,1,0.214,0.461,0,0.127,0.632,163.04
4CnA1w7WulFrRPehCWDULz,Teenage Mona Lisa,Alfie Castley,0,76,FALSE,0.547,0.496,-7.6,1,0.0511,0.192,1.03e-6,0.114,0.357,78.957
1T03TbRPcIMuqRLGKD5oRS,JACKPOT,Block B,0,49,FALSE,0.69,0.952,-2.011,0,0.345,0.0575,0,0.0538,0.726,130.069
3ENGcoJQW8ktzyW7Mn4dE4,Jackpot,Nikki Lane,0,46,FALSE,0.401,0.945,-5.584,1,0.0897,0.271,0,0.079,0.482,161.926
0gutl81vbXX1JGp5M0OoiE,Cottontail,Earl Hines,0,45,FALSE,0.628,0.629,-10.234,0,0.0398,0.709,0.0583,0.0791,0.801,127.812
6oWhUfePc5h9r5pfw7wvPN,Midnight Special - Rudy Van Gelder Digital Remaster/2007,Jimmy Smith,0,53,FALSE,0.704,0.277,-11.675,1,0.035,0.814,0.756,0.0845,0.322,90.38
6GG73Jik4jUlQCkKg9JuGO,The Middle,Jimmy Eat World,0,83,FALSE,0.643,0.849,-5.428,1,0.0526,0.0371,0,0.058,0.903,162.152
3LEgGAl9zLcQWGTp7ptqtQ,Don’t Wake Me Up,Jonas Blue; Why Don't We,0,82,FALSE,0.621,0.747,-5.084,1,0.0337,0.222,1.94e-4,0.147,0.426,124.015
74fpNVAJrKGQuqHETi4WSt,Tennis Court,Lorde,1,71,TRUE,0.764,0.567,-8.585,1,0.0609,0.0126,9.51e-5,0.257,0.428,89.988
5AWMbJ60z0NmztJ1Edl00K,Never Be Like You,Flume; kai,0,66,TRUE,0.54,0.59,-4.359,1,0.0528,0.446,0,0.14,0.267,119.878
0Zx9UoN735NPQxsQia53T5,覚醒,Superfly,0,49,FALSE,0.544,0.903,-4.868,0,0.178,0.108,5.11e-6,0.0897,0.158,107.923
6a88fc0zSrVWGPdoj445nJ,Keep Moving,Jungle,0,65,FALSE,0.724,0.603,-6.261,0,0.0317,0.183,4.69e-4,0.0948,0.569,111.493
13MF2TYuyfITClL1R2ei6e,BOOMBAYAH,BLACKPINK,1,80,FALSE,0.661,0.836,-3.164,0,0.059,0.00268,0,0.497,0.396,124.952
6poVmpGU3y3jj1Z9xbbbH4,"Weapon (With Newnion, FLOOR) (Prod.Czaer)",ITZY,0,73,FALSE,0.575,0.931,-1.628,1,0.0867,0.0162,1.44e-6,0.417,0.521,168.024
3gFcGnU4kTdMYLXDjH1TK8,RUN2U,STAYC,0,83,FALSE,0.722,0.676,-5.885,0,0.0829,8.35e-4,1.2e-5,0.321,0.362,129.943
7CAdT0HdiQNlt1C7xk2hep,Stay Alive (Prod. SUGA of BTS),Jung Kook,1,92,FALSE,0.512,0.76,-5.889,0,0.0682,0.299,0,0.103,0.495,130.096
2J0TRU2EDG29qlmxdGa4xa,SCIENTIST,TWICE,0,66,FALSE,0.786,0.858,-3.74,1,0.0675,0.0487,0,0.126,0.649,112.999
3BJe4B8zGnqEdQPMvfVjuS,Summertime Sadness,Lana Del Rey,1,78,FALSE,0.565,0.654,-6.826,0,0.0335,0.0542,1.8e-6,0.122,0.235,111.968
1G1R0XgChe18Zr1o6tlmN6,Watercolor Eyes - From “Euphoria” An HBO Original Series,Lana Del Rey,0,83,FALSE,0.444,0.26,-10.045,1,0.0316,0.964,0.0815,0.125,0.121,120.443
7MAibcTli4IisCtbHKrGMh,Leave The Door Open,Bruno Mars; Anderson .Paak; Silk Sonic,0,87,FALSE,0.586,0.616,-7.964,1,0.0324,0.182,0,0.0927,0.719,148.088
1FpVJ7HpZInE2GvhVE2TwT,Legends Never Die,League of Legends; Against The Current,0,82,FALSE,0.498,0.598,-6.638,0,0.0377,0.00786,0,0.111,0.0573,140.078
2QxpVhguEv67Lwlf3wwltb,"Les rois du monde - Roméo & Juliette, Les enfants de Vérone",Damien Sargue; Cyril Niccolaï; John Eyzen,0,57,FALSE,0.747,0.729,-4.766,1,0.0285,0.168,0,0.217,0.866,115.084
3YGu8R8qOorKrfhpdeluyW,Le temps des cathédrales,Bruno Pelletier,0,46,FALSE,0.466,0.436,-9.204,0,0.0397,0.531,0,0.699,0.214,73.874
3ksl6hn7Ya34q5K3cl7w9I,Let Me Down Slowly X Aaya Na Tu - Lofi Mix,It's DPK,0,57,FALSE,0.441,0.55,-11.335,0,0.0792,0.241,2.02e-4,0.139,0.172,119.953
0qcr5FMsEO85NAQjrlDRKo,"Let It Go - From ""Frozen""/Soundtrack Version",Idina Menzel,1,78,FALSE,0.543,0.485,-6.85,1,0.0305,0.558,0,0.12,0.371,136.961
6B02MufyAO1pPsWYRespCr,Let It Rain,Amanda Marshall,0,42,FALSE,0.507,0.612,-6.721,1,0.0302,0.0131,0,0.0518,0.45,147.896
3mScGCzxiXA9OaHdBeuk7O,crossing field,LiSA,0,73,FALSE,0.447,0.983,-2.281,1,0.268,0.0157,0,0.276,0.317,179.072
3Jbpo2slhW2bbVneiJnC9G,LMLY,Jackson Wang,0,72,FALSE,0.727,0.736,-6.566,1,0.0319,0.0523,0,0.119,0.717,139.929
4YJUTdZ0Pgl0ZeNyHYXeLd,Love Of My Life - Remastered 2011,Queen,0,75,FALSE,0.329,0.179,-11.589,1,0.0299,0.933,5.04e-6,0.115,0.255,154.175
58e08QJdz9zs7AY2KiiHBt,Mai Tais (feat. Skylar Grey),Train; Skylar Grey,0,57,TRUE,0.6,0.701,-6.035,1,0.0606,0.139,1.21e-6,0.12,0.723,163.975
24nK8tW7Pt3Inh2utttuoG,HIP,MAMAMOO,0,76,FALSE,0.782,0.731,-4.581,0,0.143,0.0376,3.15e-5,0.0956,0.824,138.032
0JiVRyTJcJnmlwCZ854K4p,Alone,Alan Walker,0,67,FALSE,0.676,0.929,-3.194,1,0.0458,0.186,4.05e-4,0.121,0.157,97.019
3qiyyUfYe7CRYLucrPmulD,Baba O'Riley,The Who,1,78,FALSE,0.489,0.724,-8.367,1,0.0352,0.313,0.185,0.287,0.15,117.292
5VuwAhMCz9EMg3RHL1KUEr,Merry Christmas Mr. Lawrence,Ryuichi Sakamoto,0,62,FALSE,0.493,0.175,-18.049,0,0.036,0.949,0.777,0.112,0.278,106.903
2QqHAiFdDZKFJkr1xCV9dG,MIDDLE OF THE NIGHT,Monsta X,0,67,FALSE,0.737,0.764,-5.511,1,0.0947,0.111,0,0.0423,0.924,92.044
6iRkrz4CBQ0eHE5ysSJrWn,Midnight Hilichurl Parade,PeachyFranny; Frozen Starfall,0,34,FALSE,0.798,0.835,-5.787,1,0.0489,0.0103,1.18e-4,0.0613,0.284,128.023
4rHZZAmHpZrA3iH5zx8frV,Mirrors,Justin Timberlake,0,82,FALSE,0.574,0.512,-6.664,0,0.0503,0.234,0,0.0946,0.512,76.899
7BYMjh3vWnHU4IFyfZdIDO,Mojito,Jay Chou,0,57,FALSE,0.814,0.595,-7.726,1,0.0277,0.476,0,0.278,0.8,115.004
3jJ9djWzDlQnqDd7vTZs9K,"Mon Soleil - from ""Emily in Paris"" Soundtrack",Ashley Park,0,78,FALSE,0.643,0.477,-8.261,1,0.0536,0.434,0,0.0843,0.14,93.003
1NE3RGTUNgdptVMfKQFoK8,Monday Loop,Tomppabeats,0,60,FALSE,0.742,0.384,-8.533,1,0.043,0.872,0.00305,0.132,0.354,69.006
3VvBPkc24zC7x05mgJTyGO,Monody (feat. Laura Brehm),TheFatRat; Laura Brehm,0,67,FALSE,0.526,0.69,-3.591,0,0.0351,0.114,0.00216,0.0969,0.224,106.993
7nv8yYS0r5p0FUP7hlUOyY,Move Up (Lost Gravity),Mr. Polska,0,43,FALSE,0.466,0.827,-4.809,0,0.0392,0.0784,0.122,0.0966,0.258,120.01
6izxDWP8kx2yErjuHOdhHV,"Requiem in D Minor, K. 626: 3. Sequentia: Lacrimosa - Live",Wolfgang Amadeus Mozart; Berliner Philharmoniker; Claudio Abbado; Swedish Radio Choir; Kay Johannsen,0,59,FALSE,0.184,0.0915,-20.03,0,0.0413,0.981,0.734,0.222,0.0387,119.375
603FrR2LgWS3X4osiN12XO,Mr. Bentley,KnowKnow; Higher Brothers,0,51,TRUE,0.891,0.746,-6.333,1,0.0927,0.39,0.00112,0.0946,0.493,97.996
6ZAT4DKNdV9ohX5ypsEhSY,Next Year (feat. Will Jay),Dept; Will Jay,0,41,FALSE,0.646,0.455,-6.546,0,0.0489,0.501,0,0.0774,0.393,168.008
3E1O2upsy1aTZ6lqI0U5oJ,Relaxation Music,Spa,0,52,FALSE,0.0884,0.00746,-31.639,1,0.0442,0.985,0.903,0.101,0.0628,166.891
0oiNsnH40PPTBFqixyPTWG,Kothbiro,Ayub Ogada,0,43,FALSE,0.394,0.0691,-17.082,0,0.0331,0.985,0.00434,0.0931,0.486,76.906
27Jjeoi0oE5azrW53sHSSZ,Land Of Anaka,Geoffrey Oryema,0,0,FALSE,0.378,0.149,-22.628,1,0.037,0.766,0.899,0.0993,0.412,140.432
5JdLUE9D743ob2RtgmVpVx,Makeba,Jain,0,63,FALSE,0.824,0.656,-9.432,1,0.0704,0.388,0.506,0.253,0.418,116.068
4sNwdacKyi2S26WrRtNama,Oh No!,MARINA,0,76,FALSE,0.77,0.896,-3.971,1,0.039,0.053900000000000003,0,0.243,0.964,126.999
0F7FA14euOIX8KcbEturGH,Old Town Road,Lil Nas X,1,80,FALSE,0.907,0.53,-6.112,1,0.127,0.0578,2.23e-6,0.101,0.507,135.998
3r6Am8NvUDbuS2Yqv76ivi,One Love,ARASHI,0,56,FALSE,0.552,0.938,-3.179,1,0.0468,0.188,0,0.405,0.699,102.976
5r43qanLhUCdBj8HN3fa6B,Sunshine,OneRepublic,0,85,FALSE,0.697,0.875,-4.621,1,0.034,0.137,0,0.28,0.774,140.069
0djCH6HbCN3cFzNkKd46yv,only my railgun,fripSide,0,55,FALSE,0.57,0.998,-1.122,1,0.172,0.221,0.269,0.313,0.346,142.991
1Dr5JexwA15wmKe7Y7maA9,Past Lives,BØRNS,0,67,FALSE,0.743,0.685,-6.863,1,0.0975,0.0664,6.75e-5,0.0884,0.443,109.988
364JzOajs76bJymjHm3sVY,ピースサイン,Kenshi Yonezu,0,74,FALSE,0.593,0.935,-3.853,0,0.0684,0.00221,0,0.315,0.618,100.003
6Xy0TKhM0Ytjt65QuVEN67,Petite fleur,Jill Barber,0,65,FALSE,0.616,0.214,-9.634,0,0.0329,0.86,1.64e-4,0.0945,0.447,114.99
190kU2WKyIzx9XaBjfWRPk,修煉愛情,JJ Lin,0,61,FALSE,0.471,0.648,-3.968,1,0.0342,0.63,0,0.122,0.239,135.053
0jdny0dhgjUwoIp5GkqEaA,Praying,Kesha,0,74,FALSE,0.543,0.39,-7.202,1,0.0322,0.489,0,0.111,0.303,73.415
1GMHyFG78bKI2IjUuZaMxm,Pull Up,PANTHEPACK,0,51,FALSE,0.717,0.839,-5.178,1,0.0476,0.12,1.27e-6,0.232,0.739,89.987
2ygMBIctKIAfbEBcT9065L,Pump It,Black Eyed Peas,1,79,FALSE,0.648,0.931,-3.15,0,0.181,0.00937,0,0.752,0.744,153.649
63W11KVHDOpSlh3XMQ7qMg,Rock And Roll Part II,Gary Glitter,0,64,FALSE,0.752,0.218,-15.177,0,0.0653,5.48e-4,0.788,0.0699,0.552,130.068
6LnEoRQKMcaFTR5UvaKuBy,Rock with you,SEVENTEEN,0,78,FALSE,0.621,0.816,-5.242,1,0.104,0.0966,0,0.134,0.694,163.966
2FymmKBuog0loCuNXMwQID,Ready to love,SEVENTEEN,0,73,FALSE,0.668,0.705,-5.731,0,0.0356,0.0274,0,0.215,0.549,129.984
0z9UVN8VBHJ9HdfYsOuuNf,Safe & Sound - from The Hunger Games Soundtrack,Taylor Swift; The Civil Wars,0,68,FALSE,0.471,0.3,-10.807,1,0.028,0.883,1.05e-5,0.0698,0.289,144.319
21qg0IBZf8R12qHd9A3AA4,Salvatore,Lana Del Rey,0,69,FALSE,0.304,0.311,-9.647,0,0.0344,0.675,0.00195,0.12,0.115,117.68
2JzZzZUQj3Qff7wapcbKjc,See You Again (feat. Charlie Puth),Wiz Khalifa; Charlie Puth,0,85,FALSE,0.689,0.481,-7.503,1,0.0815,0.369,1.03e-6,0.0649,0.283,80.025
3AjyOYxBv8bByfBtG5o9dP,See You Again,Miley Cyrus,1,70,FALSE,0.692,0.911,-5.098,0,0.177,0.015,7.71e-5,0.112,0.8,138.975
6BdrHOEmokkSxTyxCojD6r,Serenade,Franz Schubert; Eugene Ormandy; Philadelphia Orchestra,0,60,FALSE,0.105,0.0355,-25.317,1,0.0393,0.948,0.965,0.0956,0.039,91.169
1VYOAY7yevYbOj3AFupzSu,"Serenade No. 13 in G Major, K. 525, ""Eine kleine Nachtmusik"": I. Allegro",Wolfgang Amadeus Mozart; Capella Istropolitana; Wolfgang Sobotka,0,60,FALSE,0.492,0.136,-18.839,1,0.0463,0.948,0.893,0.0726,0.445,135.786
0NMzmmXi6DCUo8tijwHvCe,上海灘 - 無線電視劇[上海灘]主題曲,Frances Yip,0,49,FALSE,0.421,0.296,-12.227,0,0.0399,0.676,1.84e-5,0.156,0.431,177.219
4YY4hc7Lr7y5QsTdmkm31r,Our dawn is hotter than day,SEVENTEEN,0,61,FALSE,0.849,0.747,-4.721,1,0.0519,0.493,1.34e-6,0.152,0.534,124.958
7qfwcqfGOkQYtzjF4UzJHM,Shot Me Down (feat. Skylar Grey) - Radio Edit,David Guetta,0,61,FALSE,0.347,0.772,-4.359,0,0.0549,0.0597,0.0333,0.115,0.035,192.118
5YAuUz0Nagt9QxYheiQ9zk,手寫的從前,Jay Chou,0,54,FALSE,0.648,0.515,-9.137,1,0.025,0.649,0,0.107,0.218,94
0BLY78hYpsH9NqP6X0N8CX,Silk Chiffon,MUNA; Phoebe Bridgers,0,72,FALSE,0.622,0.736,-6.219,1,0.0444,0.0156,0,0.112,0.432,97.006
6Fnvi5QnVkTskSzeRvvQds,Telepathy,BTS,0,77,FALSE,0.787,0.669,-4.333,0,0.0428,0.00782,0,0.123,0.57,104.994
2VlLbhGLVJgdOW7kKdWWFc,Six Feet Under,Billie Eilish,0,78,FALSE,0.576,0.307,-12.732,0,0.0428,0.807,3.55e-4,0.0792,0.157,67.513
5iK8aeAYiyd0eZKfpaCdbI,Sleeping Beauty,PAUL,0,39,FALSE,0.712,0.664,-7.751,0,0.0354,0.00182,0.836,0.167,0.404,94.982
4iN16F8JtVxG2UTzp3avGl,Smokin Out The Window,Bruno Mars; Anderson .Paak; Silk Sonic,1,85,FALSE,0.627,0.618,-8.529,1,0.0437,0.0558,0,0.351,0.848,82.03
3xUsaaH6oCG1w8kD1oGhGW,Social Climb,I DONT KNOW HOW BUT THEY FOUND ME,0,62,FALSE,0.532,0.832,-5.958,0,0.122,0.0986,9.22e-5,0.657,0.771,176.155
1WyBe9jWz0wbwUItMAnaLb,Sold Out,Hawk Nelson,0,60,FALSE,0.632,0.954,-2.479,0,0.0604,0.129,0,0.414,0.788,120.061
3kwr2hlIDwmwVAjKC7zshR,Ven para,Weeekly,0,64,FALSE,0.73,0.819,-2.845,1,0.0365,0.00226,3.52e-5,0.0586,0.287,99.996
5oyxj5UC4z7mLP8NzMZr0c,"Comptine D'un Autre Été, L'après-Midi - Amelie Movie Theme",Jonas Kvarnström,0,59,FALSE,0.281,0.188,-17.51,1,0.0413,0.955,0.917,0.103,0.213,183.873
3aLof1zmaQ0GLcAc9YQ3Fq,Nuvole bianche,Ludovico Einaudi,0,1,FALSE,0.177,0.06,-25.377,1,0.0574,0.956,0.848,0.103,0.0499,136.248
5q4BpnMrYEFzLO0dYODj6J,The Louvre,Lorde,0,69,FALSE,0.664,0.382,-9.977,1,0.047,0.239,0.00749,0.0943,0.126,123.214
6UelLqGlWMcVH1E5c4H7lY,Watermelon Sugar,Harry Styles,1,91,FALSE,0.548,0.816,-4.209,1,0.0465,0.122,0,0.335,0.557,95.39
4ofwffwvvnbSkrMSCKQDaC,Shotgun,George Ezra,1,81,FALSE,0.673,0.735,-4.733,1,0.0457,0.286,0,0.242,0.754,115.744
76hfruVvmfQbw0eYn1nmeC,Cake By The Ocean,DNCE,1,84,TRUE,0.774,0.753,-5.446,0,0.0517,0.152,0,0.0371,0.896,119.002
1yvMUkIOTeUNtNWlWRgANS,Unstoppable,Sia,0,84,FALSE,0.468,0.779,-4.839,1,0.0779,0.112,3.73e-4,0.101,0.26,173.799
2SDx0PooHZI1SQKR0y44bs,Grace Kelly,MIKA,1,73,FALSE,0.675,0.828,-5.799,1,0.0454,0.0242,0.0102,0.364,0.669,122.229
3Vo4wInECJQuz9BIBMOu8i,Finesse - Remix; feat. Cardi B,Bruno Mars; Cardi B,1,77,FALSE,0.704,0.859,-4.877,0,0.0996,0.0185,0,0.0215,0.926,105.115
5uA5D9o5jGFuITTw3aXQgB,Fair Trade (with Travis Scott),Drake; Travis Scott,0,59,FALSE,0.659,0.465,-8.527,1,0.252,0.0591,0,0.235,0.275,167.959
3hD0zbTa7vquHzCavbmMf3,Modern Day,Migos,0,44,FALSE,0.867,0.637,-7.823,0,0.255,0.183,0,0.1,0.526,134.967
0VXNv42fMCHUaugnEgTeI7,Kiss Me More (feat. SZA),Doja Cat; SZA,1,63,FALSE,0.781,0.692,-3.479,1,0.0301,0.245,1.68e-4,0.123,0.726,110.962
3YfS47QufnLDFA71FUsgCM,The Sound of Silence,Simon & Garfunkel,1,63,FALSE,0.535,0.225,-13.865,1,0.0301,0.869,1.57e-6,0.0988,0.338,107.384
2j1fFjWHCI9KJSwcuYAOyF,Spring Day,BTS,1,80,FALSE,0.539,0.846,-3.192,1,0.0354,0.00631,1.71e-6,0.13,0.462,106.994
7uFAUYB1mR6Kn7UbbXCd2q,STAB (Feat. eaJ) (Prod. dress),BIG Naughty; eaJ,0,56,FALSE,0.431,0.596,-6.881,1,0.13,0.411,0,0.0757,0.165,159.612
7yesZrAOvMYmVVkEzSF13g,SpongeBob SquarePants Theme Song,Spongebob Squarepants,0,48,FALSE,0.674,0.844,-7.022,1,0.362,0.877,0,0.882,0.742,120.213
0Zbbxnx4SGGHoIow4PpISP,Stargazing,Kygo; Justin Jesso,0,72,FALSE,0.677,0.497,-5.763,1,0.0809,0.152,0,0.0911,0.419,99.137
1syUzVGMgU1QLy751IqeYN,Started From the Bottom,Drake,0,51,FALSE,0.728,0.5,-7.897,1,0.283,0.0312,0,0.156,0.604,172.635
4kux0P5UfguojB4h0lQnsj,STAY (with Justin Bieber),The Kid LAROI; Justin Bieber,0,68,FALSE,0.587,0.795,-5.557,1,0.0522,0.037,0,0.103,0.476,169.951
37BZB0z9T8Xu7U3e65qxFy,Save Your Tears (with Ariana Grande) (Remix),The Weeknd; Ariana Grande,1,92,FALSE,0.65,0.825,-4.645,1,0.0325,0.0215,2.44e-5,0.0936,0.593,118.091
4UDmDIqJIbrW0hMBQMFOsM,Stayin' Alive,Bee Gees,1,74,FALSE,0.707,0.535,-19.793,0,0.0436,0.113,0.00615,0.0884,0.641,103.644
2r9hCNjupNy2C2g3r6SNz6,Strongest (Alan Walker Remix),Ina Wroldsen; Alan Walker,0,70,FALSE,0.722,0.787,-4.013,1,0.0734,0.0785,6.46e-6,0.124,0.852,92.022
4HBZA5flZLE435QTztThqH,Stuck with U (with Justin Bieber),Ariana Grande; Justin Bieber,0,87,FALSE,0.597,0.45,-6.658,1,0.0418,0.223,0,0.382,0.537,178.765
1TFjaQJBuFRFBjBpmKXQwA,Substitute,Dawin,0,53,FALSE,0.729,0.754,-5.801,1,0.0413,0.63,0,0.106,0.633,160.058
23HUlzt20YuALl5Q2gWsKu,Summer,Joe Hisaishi,0,50,FALSE,0.358,0.202,-16.726,1,0.0361,0.939,0.936,0.134,0.146,83.07
4xunzWgP8Dson9yaoOcBZ8,Sway,Dean Martin,0,47,FALSE,0.603,0.224,-13.342,0,0.0376,0.75,1.35e-6,0.0701,0.583,119.664
17XCf9FekS5B0ZzLmVhxos,Take Me To Your Heart,Rick Astley,0,52,FALSE,0.749,0.835,-11.873,1,0.0473,0.155,2.91e-6,0.0927,0.967,119.938
1dGr1c8CrMLDpV6mPbImSI,Lover,Taylor Swift,1,86,FALSE,0.359,0.543,-7.582,1,0.0919,0.492,1.58e-5,0.118,0.453,68.534
6RRNNciQGZEXnqk8SQ9yv5,You Need To Calm Down,Taylor Swift,1,80,FALSE,0.771,0.671,-5.617,1,0.0553,0.00929,0,0.0637,0.714,85.026
0ug5NqcwcFR2xrfTkc7k8e,Style,Taylor Swift,1,81,FALSE,0.588,0.791,-5.595,1,0.0402,0.00245,0.00258,0.118,0.487,94.933
214nt20w5wOxJnY462klLw,Miss Americana & The Heartbreak Prince,Taylor Swift,0,73,FALSE,0.662,0.747,-6.926,0,0.0736,0.028,0.00615,0.138,0.487,150.088
3C0Xy6caqWoru4Bj0YScx2,Tell Me,MIKA - INTERSECTION,0,43,FALSE,0.696,0.519,-5.852,0,0.0462,0.255,0,0.0903,0.518,139.851
1WYokrkFOb9TFVuTrmxTTt,Tequila Sunrise - 2013 Remaster,Eagles,0,66,FALSE,0.632,0.397,-12.855,1,0.0265,0.536,0.0421,0.106,0.731,110.578
4dt6XKr0xKdPzjFhwB8dBm,That's Life - Remastered 2008,Frank Sinatra,0,61,FALSE,0.392,0.632,-6.633,0,0.0529,0.55,0,0.457,0.556,114.917
4QlzkaRHtU8gAdwqjWmO8n,Friday I'm In Love,The Cure,0,78,FALSE,0.526,0.763,-12.663,0,0.0341,0.00126,6.75e-5,0.359,0.514,136.205
2lVVpl1DEA5wC2YjCQEWIW,The Dragonborn Comes,Malukah,0,59,FALSE,0.32,0.147,-15.459,0,0.0367,0.925,0.00204,0.107,0.223,173.788
4b1yxSdlumA8N4fEk4UOZp,The Family Madrigal,Stephanie Beatriz; Olga Merediz; Encanto - Cast,1,90,FALSE,0.594,0.628,-6.345,1,0.359,0.12,0,0.0582,0.556,141.391
6UEfyhyfhYQsyipxOd95Ie,The Ketchup Song (Aserejé) - Spanglish Version,Las Ketchup,1,69,FALSE,0.607,0.923,-6.777,1,0.0948,0.0193,1.1e-6,0.0924,0.868,184.819
1SH0BnKkEtLh8IcZnci79y,Howl's Moving Castle - Merry Go Round of Life,Vitamin String Quartet,0,66,FALSE,0.293,0.196,-12.276,0,0.0371,0.864,7.35e-6,0.0681,0.418,160.047
49kjlZP49LMD1MrrcvXDET,For the First Time,The Script,0,71,TRUE,0.388,0.633,-4.769,1,0.0275,0.0339,0,0.104,0.381,173.947
1qjI8q4TEglFiRkzKma6zM,青花瓷 (Live),Jay Chou,0,33,FALSE,0.521,0.588,-10.873,1,0.0255,0.00259,1.07e-4,0.527,0.685,108.016
54OBgO0Xwu20Jak9TMXbR7,Wellerman - Sea Shanty,Nathan Evans,0,80,FALSE,0.675,0.359,-5.157,1,0.108,0.614,0,0.137,0.792,191.903
3vtt2n9BPMgO41RKRNyNtl,The Sun Also Rises,Joe Hisaishi,0,26,FALSE,0.251,0.231,-11.831,0,0.0366,0.906,0.884,0.0963,0.155,111.709
7wmFsS43fO8vAg0vcr776N,My Jinji,Sunset Rollercoaster,0,68,FALSE,0.389,0.597,-8.436,1,0.0308,0.534,0.406,0.144,0.506,143.943
5y7qrMRmxsPCOZDWSmW8VH,My Monday Throne,Sunset Rollercoaster,0,40,FALSE,0.434,0.503,-9.064,1,0.034,0.589,0.133,0.435,0.561,145.814
4Duvfl2fNcBnF4cXj5V4lv,忐忑,龚琳娜,0,22,FALSE,0.522,0.729,-6.49,1,0.0412,0.664,0.654,0.35,0.562,130.413
38rUIlTX93Aoif3WcY1wv6,DALLA DALLA,ITZY,0,69,FALSE,0.79,0.853,-4.564,0,0.0666,0.00116,4.23e-5,0.329,0.713,125
6ATrsVaZT7XjkCynxM8cTS,Turn My Swag On,Soulja Boy,0,63,FALSE,0.546,0.712,-3.104,0,0.0269,9.69e-4,0,0.406,0.489,150.154
7HErXvltYDqTUVcOCPmfDz,U Make Me Wanna,Blue,0,56,FALSE,0.599,0.714,-6.824,1,0.0328,0.324,0,0.129,0.859,158.021
44V6EzbUSYgyfsNiP0FrlA,Visiting Hours,Ed Sheeran,0,78,FALSE,0.471,0.396,-6.654,1,0.0336,0.77,0,0.0729,0.263,149.609
0ikz6tENMONtK6qGkOrU3c,Wake Me Up Before You Go-Go,Wham!,1,82,FALSE,0.62,0.573,-11.893,1,0.0423,0.271,0,0.0607,0.897,81.548
051wt8AyLFgYnVuberd3vO,WAP (feat. Megan Thee Stallion),Cardi B; Megan Thee Stallion,1,55,FALSE,0.934,0.443,-7.541,1,0.41,0.0272,0,0.0889,0.359,133.026
4pbJqGIASGPr0ZpGpnWkDn,We Will Rock You - Remastered 2011,Queen,1,81,FALSE,0.692,0.497,-7.316,1,0.119,0.676,0,0.259,0.475,81.308
2pJZ1v8HezrAoZ0Fhzby92,What Do I Know?,Ed Sheeran,0,72,FALSE,0.838,0.492,-5.69,0,0.038,0.251,0,0.262,0.895,115.092
0nJW01T7XtvILxQgC5J7Wh,When I Was Your Man,Bruno Mars,0,87,FALSE,0.612,0.28,-8.648,1,0.0434,0.932,0,0.088,0.387,72.795
6eQtDU7frMlvQp3jSUqInu,Whenever it rains,Dept; Nason; amin,0,59,FALSE,0.655,0.532,-6.298,1,0.0683,0.822,0,0.143,0.421,138.942
5SlU0Yhi51jobhEiGE4xDv,2 soon,keshi,0,74,TRUE,0.517,0.663,-6.688,0,0.0375,0.146,0,0.322,0.146,174.032
0TtlEcywpBGifjTJqgSMI0,Why Baby Why,MyKey,0,34,FALSE,0.84,0.623,-7.066,1,0.0302,0.245,1.62e-6,0.0879,0.963,116.078
3AJwUDP919kvQ9QcozQPxg,Yellow,Coldplay,1,90,FALSE,0.429,0.661,-7.227,1,0.0281,0.00239,1.21e-4,0.234,0.285,173.372
1GEBsLDvJGw7kviySRI6GX,You Belong With Me,Taylor Swift,1,74,FALSE,0.687,0.745,-4.432,1,0.0379,0.178,1.59e-5,0.111,0.435,129.966
